101,Rok,Cislo,Strana
001580118,1935,513,7
001580120,1935,605,3
001580121,1935,656,7
001580159,1909,251,1
001580160,1909,75,3
001580164,1938,133,9
001580165,1938,140,7
001580170,1919,353,2
001580171,1918,38,1
001580173,1919,334,3
001580174,1928,140,10
001580175,1918,323,1
001580176,1917,217,1
001580183,1947,222,4
001580184,1947,239,7
001580185,1947,242,3
001580186,1947,249,5
001580187,1902,123,2
001580188,1947,287,2
001580189,1947,287,3
001580190,1947,305,2
001580191,1947,322,2
001580192,1947,348,2
001580193,1947,372,2
001580194,1947,460,2
001580195,1947,507,7
001580196,1947,517,2
001580197,1947,541,5
001580198,1947,541,1
001580199,1947,551,7
001580200,1947,597,2
001580201,1947,601,7
001580210,1948,493,3
001580211,1938,588,10
001580212,1938,600,2
001580218,1938,607,1
001580252,1947,157,4
001580254,1947,22,2
001580255,1947,78,2
001580256,1947,63,5
001580257,1947,165,3
001580275,1947,626,6
001580281,1919,354,17
001580282,1918,353,97
001580286,1918,353,97
001580306,1918,179,1
001580307,1918,83,2
001580319,1948,573,5
001580321,1948,233,7
001580322,1948,296,7
001580323,1948,27,7
001580335,1941,561,9
001580336,1941,176,9
001580341,1929,476,7
001580356,1941,518,10
001580366,1936,175,2
001580376,1938,577,5
001580381,1941,213,11
001580393,1941,33,9
001580394,1941,78,10
001580395,1941,81,9
001580400,1941,83,7
001580430,1928,622,9
001580432,1918,295,2
001580434,1939,414,9
001580495,1920,324,6
001580496,1946,357,7
001580497,1946,393,9
001580498,1946,509,1
001580502,1946,4,3
001580503,1946,53,5
001580504,1944,45,10
001580534,1936,606,7
001580541,1947,91,10
001580542,1945,312,2
001580543,1945,294,3
001580544,1941,591,10
001580545,1937,327,19
001580546,1936,610,9
001580547,1936,573,18
001580564,1942,472,2
001580565,1928,185,9
001580593,1949,73,4
001580597,1939,451,9
001580598,1939,451,9
001580612,1943,653,2
001580654,1947,157,4
001580717,1952,342,4
001580748,1936,286,7
001580749,1936,254,9
001580781,1943,565,9
001580804,1938,66,9
001580805,1938,163,9
001580821,1935,579,7
001580823,1936,608,7
001580827,1938,477,10
001580837,1948,195,7
001581036,1909,24,3
001581039,1909,35,1
001581115,1944,638,5
001581118,1935,500,7
001581158,1901,62,3
001581226,1935,658,10
001581234,1938,25,9
001581235,1938,33,9
001581241,1939,488,9
001581243,1941,578,9
001581244,1941,587,9
001581245,1942,630,9
001581247,1902,212,3
001581259,1947,543,10
001581287,1945,250,3
001581336,1929,491,7
001581383,1944,587,2
001581384,1945,181,5
001581388,1947,284,7
001581421,1934,526,2
001581444,1947,139,3
001581445,1947,150,2
001581446,1947,72,2
001581539,1919,63,2
001581540,1945,140,7
001581541,1949,287,7
001581542,1945,370,3
001581562,1936,227,7
001581575,1947,27,4
001581683,1947,610,2
001581718,1909,173,3
001581733,1947,302,6
001581814,1941,120,2
001581815,1941,401,3
001581816,1944,637,5
001581822,1943,571,1
001581824,1946,61,7
001582162,1936,89,7
001582164,1937,624,9
001582165,1938,374,7
001582166,1939,553,9
001582167,1940,181,10
001582168,1943,237,9
001582169,1943,297,7
001582170,1946,100,7
001582188,1935,100,7
001582205,1938,359,9
001582223,1936,216,7
001582224,1936,74,7
001582226,1939,401,9
001582227,1937,303,7
001582228,1943,358,9
001582230,1941,621,9
001582231,1944,500,9
001582326,1938,31,9
001582328,1946,304,7
001582361,1929,328,7
001582362,1935,594,7
001582377,1936,364,7
001582389,1948,574,3
001582515,1941,470,4
001582516,1943,1,2
001582690,1935,259,9
001582691,1935,383,7
001582692,1935,491,7
001582693,1938,96,7
001582694,1938,379,7
001582695,1947,59,7
001582696,1946,4,7
001582697,1947,359,7
001582730,1943,625,9
001582818,1935,656,7
001582819,1936,302,7
001582822,1939,318,9
001582823,1941,615,10
001582825,1943,20,7
001582828,1943,608,9
001582830,1944,358,9
001582831,1944,61,9
001582833,1946,621,7
001582834,1946,322,7
001582836,1948,313,9
001582841,1947,579,7
001582845,1936,345,7
001582869,1946,304,7
001582871,1947,202,8
001582882,1937,381,9
001582883,1946,239,7
001582890,1909,65,2
001582913,1919,320,1
001582979,1939,227,7
001583095,1919,29,1
001583096,1919,36,1
001583101,1952,161,4
001583109,1945,112,9
001583110,1946,387,7
001583187,1928,549,9
001583192,1945,609,7
001583193,1948,98,7
001583194,1948,138,9
001583196,1948,233,7
001583215,1909,85,2
001583216,1909,252,4
001583217,1909,112,1
001583319,1945,385,385
001583320,1940,118,9
001583323,1937,405,7
001583325,1947,555,10
001583329,1943,468,9
001583330,1943,174,9
001583331,1943,544,9
001583333,1946,418,9
001583336,1946,288,7
001583340,1935,172,7
001583342,1938,330,1
001583344,1918,203,1
001583348,1942,43,9
001583352,1946,13,9
001583353,1902,115,3
001583354,1948,120,7
001583355,1948,311,7
001583363,1928,156,9
001583364,1928,452,5
001583365,1928,635,9
001583395,1936,52,8
001583396,1936,212,7
001583397,1936,334,9
001583398,1937,655,7
001583399,1938,250,7
001583400,1939,418,9
001583401,1941,213,11
001583402,1941,362,7
001583403,1941,18,9
001583405,1943,207,9
001583406,1943,42,7
001583407,1944,241,9
001583408,1945,186,9
001583409,1945,195,2
001583410,1945,410,7
001583411,1946,20,7
001583412,1946,423,7
001583413,1947,35,7
001583414,1947,419,7
001583415,1942,175,9
001583419,1947,617,2
001583426,1947,645,9
001583441,1935,107,5
001583477,1946,594,7
001583524,1948,313,9
001583525,1946,24,7
001583526,1947,651,7
001583527,1946,464,7
001583528,1948,72,7
001583649,1928,136,10
001583765,1946,288,7
001583825,1945,523,7
001583846,1918,127,1
001583847,1924,234,1
001583848,1924,351,1
001583908,1938,200,5
001583933,1946,592,7
001583934,1946,327,7
001583935,1938,467,9
001583936,1935,126,7
001583958,1924,54,2
001583959,1925,32,2
001583961,1938,55,9
001583962,1941,652,9
001583963,1941,48,9
001583964,1943,48,9
001583965,1944,332,9
001583966,1945,264,7
001583967,1945,349,7
001583968,1948,285,7
001583973,1909,15,6
001583978,1944,82,9
001583979,1944,343,9
001583980,1946,8,7
001583981,1946,385,7
001583982,1939,490,9
001583990,1938,503,9
001583991,1947,513,7
001583992,1947,346,7
001583993,1942,188,10
001583994,1948,87,9
001583995,1948,38,7
001583996,1948,7,7
001583997,1948,370,7
001583998,1948,283,7
001583999,1948,141,7
001584004,1939,535,9
001584009,1943,612,10
001584051,1942,539,7
001584059,1936,612,9
001584088,1943,142,12
001584170,1919,287,2
001584180,1939,533,10
001584289,1944,651,3
001584291,1944,653,2
001584292,1945,34,9
001584293,1945,62,9
001584294,1947,81,2
001584318,1943,79,9
001584319,1943,455,9
001584333,1945,45,7
001584349,1939,643,9
001584352,1947,37,2
001584371,1938,37,1
001584419,1938,271,5
001584430,1946,33,7
001584446,1938,26,2
001584451,1917,7,4
001584458,1930,423,7
001584461,1935,100,7
001584463,1934,340,7
001584468,1941,618,1
001584469,1938,170,7
001584475,1941,322,9
001584480,1935,22,7
001584484,1939,542,7
001584499,1919,115,1
001584525,1929,575,7
001584541,1942,95,7
001584543,1933,541,7
001584546,1935,515,7
001584547,1935,459,7
001584548,1935,373,7
001584549,1935,50,7
001584573,1944,651,7
001584574,1938,21,9
001584601,1947,374,2
001584610,1931,10,7
001584611,1919,305,2
001584615,1935,634,2
001584616,1935,637,2
001584617,1935,636,3
001584618,1935,623,3
001584619,1935,603,2
001584620,1935,604,1
001584635,1939,83,1
001584676,1947,40,3
001584678,1947,18,7
001584681,1939,465,2
001584703,1946,235,7
001584709,1939,344,9
001584720,1944,156,9
001584749,1947,549,6
001584754,1947,622,6
001584859,1945,395,5
001584922,1943,94,9
001584927,1947,61,7
001584936,1929,626,7
001584972,1948,259,7
001584973,1947,464,7
001584974,1948,482,9
001584978,1945,475,9
001585005,1934,545,10
001585012,1935,645,7
001585034,1948,602,7
001585036,1945,619,7
001585038,1945,528,7
001585043,1948,482,9
001585051,1937,389,9
001585054,1935,607,7
001585146,1936,507,7
001585151,1903,24,3
001585165,1939,566,7
001585336,1939,316,9
001585337,1939,446,9
001585441,1929,496,7
001585460,1909,169,3
001585478,1947,383,2
001585529,1939,331,7
001585578,1940,371,7
001585632,1917,1,4
001585654,1950,138,7
001585656,1950,29,7
001585659,1949,85,9
001585661,1949,8,4
001585662,1948,626,4
001585673,1948,565,7
001585674,1948,564,3
001585675,1948,658,7
001585676,1948,138,9
001585677,1948,189,4
001585678,1948,201,9
001585679,1948,238,4
001585680,1948,326,9
001585681,1948,127,4
001585682,1948,80,3
001585683,1948,1,2
001585684,1947,198,7
001585685,1946,606,2
001585686,1946,586,4
001585687,1946,559,9
001585688,1947,233,7
001585689,1947,290,4
001585690,1947,553,7
001585691,1951,22,4
001585692,1948,496,4
001585693,1948,508,9
001585694,1947,26,9
001585695,1947,53,4
001585696,1947,55,7
001585697,1947,83,7
001585698,1947,137,7
001585700,1946,40,6
001585701,1946,50,7
001585702,1946,74,7
001585703,1946,549,2
001585704,1946,558,2
001585717,1946,224,7
001585718,1946,239,7
001585775,1950,516,4
001585776,1949,218,7
001585777,1948,498,7
001585778,1947,392,7
001585779,1947,568,9
001585780,1928,578,9
001585819,1936,338,7
001585827,1937,547,9
001585833,1943,187,9
001585834,1943,204,9
001585835,1943,356,7
001585836,1943,413,2
001585841,1943,625,9
001585888,1936,345,7
001585918,1933,359,7
001585944,1909,226,7
001585956,1918,254,2
001585959,1948,135,7
001585960,1942,184,7
001585974,1947,277,10
001585975,1947,421,7
001585976,1947,551,7
001585977,1940,1,9
001585978,1909,113,2
001585979,1909,112,3
001585980,1940,469,7
001586001,1947,146,3
001586019,1941,450,9
001586046,1946,102,7
001586052,1943,9,10
001586053,1943,318,7
001586054,1943,552,9
001586060,1945,127,7
001586068,1946,462,9
001586072,1943,79,9
001586073,1948,517,7
001586084,1948,81,7
001586085,1948,495,9
001586086,1943,524,9
001586087,1945,47,9
001586088,1946,85,7
001586092,1904,51,2
001586094,1938,159,5
001586120,1941,488,9
001586125,1944,330,9
001586128,1943,22,9
001586131,1945,2,7
001586162,1919,73,4
001586165,1918,11,2
001586193,1944,224,2
001586303,1924,74,1
001586305,1939,418,1
001586320,1937,527,9
001586321,1943,407,7
001586324,1947,139,6
001586325,1943,565,9
001586338,1936,652,8
001586363,1941,450,2
001586390,1947,1,7
001586392,1944,473,9
001586399,1941,224,7
001586400,1941,615,3
001586401,1941,593,16
001586402,1941,441,10
001586403,1941,376,5
001586406,1941,1,1
001586408,1941,1,48
001586410,1938,503,7
001586413,1941,1,38
001586414,1946,513,2
001586415,1938,120,13
001586416,1944,646,12
001586417,1944,612,7
001586418,1944,591,5
001586420,1938,385,9
001586421,1938,316,6
001586422,1938,306,2
001586423,1938,57,7
001586424,1939,634,1
001586425,1939,634,4
001586426,1939,636,1
001586427,1939,647,1
001586428,1939,383,7
001586429,1947,607,7
001586440,1943,129,9
001586443,1945,564,7
001586459,1935,109,7
001586460,1935,368,7
001586464,1942,650,7
001586465,1942,590,9
001586466,1942,533,9
001586467,1942,284,9
001586468,1947,264,7
001586469,1947,422,3
001586484,1939,357,9
001586485,1939,364,9
001586486,1939,575,9
001586487,1938,66,9
001586489,1940,608,9
001586498,1942,173,9
001586499,1942,117,9
001586516,1943,569,9
001586517,1936,156,7
001586534,1943,544,9
001586556,1945,384,7
001586557,1945,378,4
001586562,1940,263,9
001586563,1936,265,7
001586564,1936,377,9
001586630,1946,296,3
001586631,1944,106,9
001586632,1944,352,7
001586647,1946,618,7
001586648,1946,8,7
001586649,1946,528,6
001586650,1946,246,2
001586651,1944,615,9
001586674,1938,536,9
001586677,1941,65,10
001586680,1947,12,2
001586684,1929,624,7
001586691,1941,354,7
001586693,1941,583,9
001586694,1941,122,9
001586695,1941,295,9
001586702,1919,82,1
001586734,1910,238,1
001586790,1945,116,8
001586797,1945,656,7
001586825,1909,58,5
001586841,1945,3,3
001586872,1933,103,7
001586890,1937,60,9
001586891,1937,486,10
001586917,1948,333,7
001586918,1947,507,7
001586919,1946,603,7
001586920,1944,128,9
001586936,1940,79,9
001586937,1947,412,3
001586938,1947,350,2
001586952,1941,96,1
001586965,1941,439,9
001586994,1925,1,1
001586995,1938,68,9
001586997,1944,89,9
001586998,1901,18,2
001587011,1939,227,7
001587012,1939,505,12
001587013,1939,555,9
001587015,1911,190,6
001587037,1935,464,7
001587132,1935,101,2
001587133,1935,647,21
001587134,1939,642,3
001587141,1937,36,5
001587142,1937,138,4
001587143,1937,217,2
001587144,1943,365,5
001587145,1945,308,5
001587146,1945,145,2
001587147,1945,177,5
001587148,1945,118,12
001587149,1945,250,5
001587150,1945,95,3
001587151,1945,83,2
001587152,1945,74,2
001587153,1945,58,7
001587154,1945,15,9
001587155,1945,8,3
001587156,1943,518,4
001587164,1938,497,3
001587166,1936,658,1
001587167,1936,115,8
001587168,1936,186,5
001587169,1936,150,2
001587170,1936,565,1
001587174,1936,269,34
001587175,1936,495,1
001587176,1936,367,4
001587177,1936,331,17
001587179,1946,486,4
001587180,1950,235,3
001587181,1950,70,3
001587182,1950,185,3
001587183,1950,109,3
001587184,1950,57,1
001587185,1950,96,3
001587186,1950,148,3
001587187,1952,182,4
001587188,1950,324,3
001587189,1950,57,9
001587190,1950,222,3
001587191,1950,122,3
001587192,1950,211,3
001587193,1950,272,3
001587194,1950,1,1
001587195,1950,83,3
001587196,1950,70,3
001587197,1950,57,1
001587198,1950,83,3
001587199,1950,148,3
001587200,1950,135,3
001587201,1950,122,3
001587202,1950,109,3
001587203,1950,96,3
001587204,1950,135,3
001587205,1950,198,3
001587206,1950,161,4
001587207,1950,198,3
001587208,1950,185,3
001587209,1950,174,3
001587210,1950,222,3
001587211,1950,211,3
001587212,1950,285,3
001587213,1950,272,3
001587214,1950,261,3
001587215,1950,248,3
001587216,1950,235,3
001587217,1950,311,3
001587218,1950,298,3
001587225,1904,51,2
001587226,1904,270,2
001587227,1949,339,7
001587228,1949,250,8
001587229,1949,238,2
001587230,1949,612,1
001587231,1949,612,1
001587232,1904,279,2
001587233,1946,611,3
001587283,1947,603,2
001587284,1947,480,3
001587285,1947,316,3
001587286,1918,358,2
001587287,1918,329,4
001587288,1918,10,3
001587289,1933,569,2
001587294,1935,647,22
001587295,1935,647,23
001587296,1935,616,6
001587297,1935,618,7
001587305,1935,96,1
001587306,1935,96,3
001587307,1935,104,7
001587308,1935,498,3
001587309,1935,592,5
001587310,1944,591,12
001587316,1929,386,9
001587336,1947,136,2
001587337,1947,124,7
001587338,1947,4,7
001587348,1935,61,1
001587373,1940,218,7
001587378,1941,275,9
001587379,1939,485,10
001587380,1939,598,9
001587381,1939,446,10
001587382,1939,403,9
001587383,1939,164,9
001587387,1938,220,3
001587391,1919,26,2
001587417,1935,172,7
001587429,1919,178,3
001587550,1948,463,2
001587559,1947,202,3
001587560,1918,304,1
001587561,1917,122,5
001587612,1918,161,5
001587683,1918,205,3
001587831,1941,611,9
001587841,1947,24,2
001587847,1948,298,7
001587848,1918,221,1
001587851,1946,117,10
001587861,1947,161,7
001587944,1946,180,9
001587948,1929,169,9
001587961,1943,649,6
001587962,1941,393,7
001587965,1941,593,10
001587966,1941,457,7
001587970,1943,606,9
001587971,1943,397,9
001587972,1943,350,7
001587973,1943,196,7
001587975,1936,201,7
001587976,1938,53,9
001587977,1944,245,9
001587978,1939,14,9
001587980,1933,2,7
001587981,1944,460,9
001587982,1936,626,8
001587984,1909,258,4
001587995,1948,450,7
001587996,1948,116,7
001588004,1947,423,7
001588057,1909,33,2
001588078,1919,71,1
001588098,1933,212,1
001588101,1934,613,2
001588104,1935,558,1
001588105,1935,592,3
001588106,1935,594,7
001588107,1935,632,7
001588113,1936,236,7
001588116,1937,277,9
001588118,1937,574,7
001588120,1938,600,1
001588121,1938,648,12
001588124,1943,161,4
001588125,1943,301,9
001588126,1943,309,9
001588127,1943,387,2
001588129,1945,190,1
001588146,1919,78,1
001588186,1938,653,1
001588191,1924,13,4
001588194,1924,306,NaN
001588195,1924,339,NaN
001588196,1924,343,1
001588199,1925,45,1
001588203,1925,356,2
001588221,1944,586,6
001588223,1948,40,7
001588239,1941,512,2
001588254,1939,4,5
001588256,1944,620,4
001588269,1944,347,7
001588279,1947,48,3
001588280,1947,46,2
001588346,1938,196,5
001588350,1947,175,5
001588351,1943,531,9
001588354,1947,174,2
001588396,1939,401,1
001588540,1939,344,9
001588548,1943,577,2
001588558,1919,326,1
001588563,1935,616,1
001588591,1928,217,5
001588592,1928,287,10
001588593,1936,576,7
001588601,1902,2,2
001588617,1919,257,3
001588618,1917,33,5
001588619,1918,272,3
001588632,1943,172,9
001588633,1945,99,9
001588634,1942,235,9
001588636,1942,182,9
001588637,1946,327,7
001588661,1928,127,9
001588662,1940,537,9
001588663,1929,605,7
001588743,1945,596,2
001588744,1945,598,4
001588773,1949,98,9
001588777,1946,607,7
001588805,1938,348,7
001588806,1947,417,7
001588807,1947,327,3
001588809,1948,7,7
001588810,1948,224,9
001588811,1919,334,3
001588820,1946,18,7
001588829,1948,498,7
001588834,1946,239,7
001588835,1946,1,9
001588836,1941,222,9
001588892,1902,2,2
001588900,1919,189,4
001588901,1919,228,3
001588902,1919,329,1
001588903,1919,328,3
001588904,1918,6,3
001588905,1918,321,3
001588910,1947,351,2
001588948,1945,279,3
001589010,1946,332,5
001589011,1935,526,7
001589029,1946,176,7
001589039,1939,331,9
001589050,1941,91,9
001589052,1944,354,9
001589053,1946,526,6
001589054,1940,305,9
001589061,1945,521,7
001589076,1945,370,3
001589079,1945,367,3
001589093,1936,96,7
001589094,1949,96,7
001589107,1943,142,9
001589109,1945,523,7
001589118,1937,275,7
001589122,1943,531,9
001589152,1936,302,7
001589162,1936,322,7
001589165,1939,379,3
001589173,1941,133,9
001589182,1947,22,7
001589387,1943,589,2
001589407,1909,115,3
001589408,1947,419,7
001589413,1935,477,7
001589415,1937,512,7
001589416,1937,581,7
001589418,1945,288,7
001589419,1938,562,9
001589427,1945,161,4
001589429,1948,138,9
001589486,1928,500,9
001589490,1929,605,7
001589496,1938,241,1
001589518,1945,12,7
001589583,1938,273,5
001589771,1945,61,4
001589779,1919,329,1
001589781,1939,431,1
001589793,1945,90,9
001589794,1943,263,9
001589831,1902,17,4
001589838,1945,330,7
001589839,1945,157,9
001589840,1945,259,1
001589841,1945,20,2
001589842,1943,198,9
001589869,1937,648,7
001589870,1937,600,7
001589871,1937,508,7
001589888,1932,23,5
001589889,1934,124,7
001589890,1934,582,9
001589892,1943,268,9
001589893,1943,131,9
001589894,1943,33,9
001589895,1943,7,2
001589896,1943,339,7
001589959,1942,41,9
001589974,1945,40,2
001589975,1945,38,3
001589977,1943,526,9
001589990,1943,22,1
001590014,1917,237,3
001590021,1944,217,9
001590022,1944,160,9
001590023,1946,226,7
001590024,1946,57,7
001590028,1941,531,9
001590038,1951,29,4
001590040,1948,255,7
001590052,1949,519,7
001590054,1949,81,7
001590068,1936,639,6
001590080,1946,337,7
001590084,1919,42,1
001590129,1938,271,7
001590143,1947,120,7
001590144,1941,70,9
001590145,1939,235,9
001590146,1938,213,9
001590147,1944,356,7
001590148,1944,128,9
001590149,1935,26,9
001590160,1941,50,9
001590161,1938,540,9
001590166,1935,493,7
001590188,1941,561,9
001590189,1935,288,7
001590195,1939,499,7
001590196,1939,603,9
001590203,1919,50,1
001590221,1939,418,9
001590222,1947,353,7
001590224,1940,447,9
001590235,1947,68,4
001590237,1946,626,3
001590239,1947,68,2
001590242,1947,2,5
001590272,1936,345,7
001590273,1936,478,8
001590274,1936,311,3
001590280,1939,442,7
001590302,1946,337,7
001590304,1940,40,10
001590317,1941,10,9
001590318,1942,358,9
001590319,1939,14,9
001590321,1941,654,5
001590322,1941,483,9
001590334,1935,498,3
001590371,1945,118,9
001590372,1945,58,9
001590373,1936,137,7
001590374,1943,144,9
001590375,1943,215,9
001590376,1943,273,9
001590377,1943,329,9
001590378,1935,609,9
001590379,1941,217,11
001590380,1938,508,9
001590381,1941,322,10
001590382,1945,630,9
001590383,1937,187,7
001590384,1938,148,9
001590385,1936,22,7
001590386,1929,626,7
001590387,1929,643,9
001590388,1941,636,10
001590393,1936,647,9
001590395,1945,263,7
001590396,1945,4,10
001590397,1945,650,7
001590398,1945,639,7
001590399,1945,347,7
001590400,1943,597,10
001590401,1944,191,7
001590402,1945,66,9
001590420,1938,379,7
001590427,1945,568,7
001590428,1948,70,7
001590429,1945,645,7
001590430,1949,118,7
001590438,1941,406,9
001590439,1947,432,7
001590694,1935,614,7
001590703,1938,616,9
001590710,1918,183,1
001590735,1945,21,2
001590807,1945,609,8
001590825,1939,194,7
001590837,1936,244,3
001590903,1945,129,9
001590904,1934,101,7
001590907,1935,539,7
001590912,1941,644,12
001590921,1946,105,2
001590939,1935,555,7
001590949,1936,148,7
001590950,1936,313,7
001590961,1941,495,9
001590992,1935,107,7
001590993,1935,122,7
001590994,1935,174,7
001591001,1945,340,7
001591054,1946,85,7
001591067,1941,575,2
001591305,1936,218,7
001591373,1939,272,3
001591376,1936,355,9
001591390,1948,604,7
001591393,1935,91,9
001591397,1944,485,3
001591404,1904,100,2
001591414,1938,16,9
001591418,1945,310,2
001591444,1946,191,7
001591463,1943,79,9
001591473,1946,324,7
001591474,1946,279,7
001591475,1946,189,7
001591476,1946,122,7
001591477,1944,622,9
001591481,1944,491,9
001591482,1939,142,9
001591483,1939,632,9
001591485,1948,508,9
001591486,1939,575,2
001591503,1935,229,7
001591507,1938,44,9
001591508,1947,579,3
001591509,1942,535,9
001591618,1935,364,7
001591627,1946,40,5
001591628,1949,98,10
001591629,1943,62,5
001591630,1945,79,9
001591631,1943,476,9
001591632,1948,534,1
001591633,1903,71,3
001591634,1947,462,7
001591635,1929,447,9
001591699,1943,231,1
001591734,1938,409,7
001591735,1943,150,9
001591749,1936,654,7
001591756,1949,209,7
001591835,1939,362,9
001591840,1941,600,9
001591843,1944,270,9
001591844,1944,149,9
001591846,1933,25,7
001591847,1939,233,9
001591848,1939,133,9
001591849,1938,77,7
001591850,1935,176,7
001591851,1935,396,7
001591879,1947,42,4
001591880,1937,21,5
001591884,1938,85,2
001591907,1936,432,9
001591940,1917,66,7
001591941,1947,37,8
001591942,1947,522,7
001591943,1947,211,9
001591945,1948,498,7
001591946,1948,606,7
001591966,1935,581,7
001591980,1944,644,2
001591981,1945,223,2
001592025,1902,183,2
001592026,1947,456,7
001592027,1948,272,7
001592030,1945,537,5
001592040,1929,351,9
001592080,1935,523,9
001592082,1933,39,2
001592085,1933,25,7
001592109,1936,76,8
001592123,1941,87,9
001592124,1946,658,7
001592125,1946,88,2
001592126,1946,325,8
001592128,1947,4,3
001592129,1941,169,2
001592130,1947,31,7
001592131,1947,1,2
001592160,1935,619,7
001592166,1939,564,9
001592294,1947,55,3
001592345,1919,287,2
001592383,1936,659,1
001592694,1938,421,5
001592695,1938,403,7
001592703,1935,16,7
001592704,1935,104,9
001592725,1943,22,9
001592810,1936,595,7
001592818,1944,43,1
001592845,1946,189,7
001592846,1946,616,7
001592849,1944,52,9
001592850,1947,33,7
001592853,1947,528,7
001592854,1947,320,7
001592855,1948,231,8
001592856,1943,88,5
001592857,1943,85,9
001592858,1944,221,10
001592859,1944,500,9
001592860,1950,60,7
001592861,1950,322,4
001592862,1951,347,4
001592886,1928,198,10
001592894,1944,589,9
001592904,1947,641,3
001592927,1938,81,9
001592929,1936,628,7
001592932,1939,609,9
001592933,1936,218,7
001592934,1934,545,9
001592935,1938,181,7
001592936,1936,636,7
001592937,1939,342,9
001592938,1935,619,7
001592939,1947,322,7
001592957,1935,609,9
001592962,1941,585,9
001592968,1939,615,7
001593041,1943,74,9
001593042,1943,131,9
001593043,1903,172,9
001593044,1943,229,9
001593045,1943,293,9
001593046,1943,402,7
001593047,1936,284,7
001593049,1936,424,7
001593054,1943,505,9
001593056,1935,564,7
001593057,1948,141,7
001593058,1942,121,9
001593059,1942,182,9
001593060,1948,27,7
001593061,1948,318,7
001593068,1940,68,9
001593071,1946,243,9
001593072,1946,434,7
001593078,1941,246,9
001593097,1947,180,7
001593099,1938,501,9
001593103,1945,49,9
001593135,1935,598,7
001593138,1937,643,9
001593139,1935,331,9
001593140,1936,238,7
001593141,1936,241,1
001593146,1944,356,7
001593147,1946,365,7
001593148,1944,480,9
001593149,1941,409,7
001593150,1947,172,7
001593151,1947,135,7
001593152,1947,66,3
001593154,1938,508,9
001593155,1939,338,9
001593156,1938,387,7
001593157,1938,44,9
001593159,1940,9,7
001593162,1936,623,9
001593166,1936,242,9
001593167,1937,646,9
001593169,1945,118,9
001593170,1937,536,9
001593171,1937,370,7
001593175,1937,412,9
001593176,1943,259,9
001593277,1941,189,7
001593278,1941,598,10
001593279,1948,407,7
001593308,1938,161,7
001593327,1944,589,3
001593378,1938,618,9
001593508,1943,318,7
001593509,1943,124,9
001593560,1937,628,19
001593561,1937,639,9
001593562,1937,37,8
001593715,1945,7,7
001593741,1936,580,7
001593744,1938,216,9
001593749,1943,468,9
001593750,1944,272,9
001593751,1943,621,9
001593752,1945,45,9
001593753,1945,107,9
001593754,1945,190,9
001593755,1945,203,9
001593761,1942,494,7
001593762,1942,171,5
001593772,1943,237,14
001593773,1943,31,5
001593774,1943,7,2
001593827,1939,574,2
001593858,1936,403,9
001593859,1936,218,7
001593883,1944,510,9
001593888,1945,88,9
001593896,1939,235,10
001593898,1937,600,7
001593899,1935,274,7
001593908,1938,6,9
001593911,1938,146,9
001593918,1937,1,9
001593955,1936,46,7
001593970,1938,31,7
001593982,1939,455,5
001593983,1939,383,2
001593984,1939,227,7
001593985,1939,6,11
001593987,1938,372,9
001593988,1938,282,5
001593989,1938,263,7
001594000,1947,581,10
001594001,1947,566,2
001594002,1947,300,7
001594003,1947,193,10
001594010,1942,608,5
001594011,1942,95,7
001594012,1942,47,9
001594013,1942,67,7
001594014,1942,17,7
001594022,1917,333,1
001594029,1935,424,2
001594030,1935,495,7
001594053,1933,202,7
001594059,1938,33,9
001594072,1935,370,7
001594073,1935,59,7
001594077,1941,518,10
001594091,1948,573,9
001594125,1933,596,7
001594126,1939,451,7
001594135,1947,129,9
001594168,1947,20,7
001594187,1943,189,9
001594197,1944,115,9
001594198,1946,612,4
001594199,1946,335,9
001594200,1946,327,1
001594201,1946,309,7
001594202,1946,477,7
001594203,1944,649,9
001594204,1944,612,10
001594214,1944,515,9
001594215,1944,406,9
001594230,1944,653,9
001594262,1947,139,3
001594263,1947,63,4
001594264,1947,16,2
001594273,1940,437,7
001594279,1946,286,7
001594282,1951,252,4
001594293,1932,536,7
001594313,1949,23,7
001594314,1949,213,9
001594315,1949,125,4
001594333,1938,109,5
001594422,1936,1,NaN
001594501,1936,565,7
001594585,1938,398,9
001594588,1937,427,9
001594603,1936,533,9
001594610,1949,16,7
001594611,1904,303,2
001594623,1929,427,9
001594639,1942,91,9
001594640,1942,110,7
001594641,1939,557,9
001594657,1949,207,7
001594658,1949,521,10
001594659,1949,94,7
001594660,1949,454,7
001594661,1950,294,4
001594687,1919,299,2
001594688,1938,311,9
001594695,1948,251,7
001594696,1947,498,7
001594697,1947,546,7
001594698,1940,123,9
001594702,1903,235,3
001594704,1938,521,9
001594706,1947,85,7
001594707,1947,146,6
001594738,1945,336,7
001594761,1937,432,9
001594762,1943,397,9
001594765,1936,229,7
001594772,1950,231,4
001594784,1929,16,9
001594791,1944,558,9
001594792,1944,620,9
001594793,1944,633,10
001594794,1946,63,9
001594795,1946,550,6
001594796,1946,586,4
001594797,1946,304,7
001594825,1945,27,2
001594829,1938,340,7
001594830,1938,475,9
001594831,1943,46,7
001594847,1933,458,7
001594890,1944,290,7
001594891,1945,153,9
001594903,1949,77,7
001594929,1941,497,9
001594932,1947,325,7
001594938,1943,520,9
001594958,1941,452,9
001594961,1929,103,4
001594969,1949,602,7
001594970,1949,333,3
001594971,1949,474,7
001594974,1945,232,7
001594975,1947,353,4
001594976,1945,183,7
001594977,1945,170,7
001594978,1945,196,7
001594979,1945,199,7
001594980,1945,220,7
001594981,1945,220,7
001594982,1945,209,7
001594983,1945,245,7
001595009,1945,142,9
001595011,1950,94,6
001595024,1936,338,7
001595029,1904,53,2
001595039,1946,279,7
001595040,1946,6,7
001595041,1941,241,11
001595042,1941,627,9
001595043,1941,585,9
001595053,1936,289,7
001595069,1948,502,7
001595076,1934,647,9
001595079,1938,170,9
001595081,1919,168,1
001595091,1945,122,2
001595102,1936,48,7
001595111,1918,302,2
001595118,1947,224,5
001595121,1943,591,5
001595139,1943,589,2
001595151,1934,549,9
001595154,1938,157,9
001595192,1944,439,9
001595216,1936,212,7
001595233,1943,282,9
001595276,1936,322,7
001595403,1949,493,7
001595430,1939,529,7
001595436,1939,609,9
001595521,1949,137,9
001595522,1919,242,7
001595526,1945,539,7
001595528,1935,565,1
001595571,1943,64,9
001595573,1934,182,1
001595690,1938,551,10
001595784,1948,197,7
001595785,1948,217,7
001595811,1945,508,9
001595942,1946,70,7
001595943,1946,180,9
001595944,1946,115,9
001595946,1945,508,9
001595947,1942,494,9
001595948,1933,86,7
001596013,1909,284,1
001596109,1951,115,4
001596110,1951,111,4
001596111,1951,249,4
001596112,1951,246,4
001596113,1901,191,3
001596114,1951,184,3
001596147,1951,143,3
001596251,1952,69,4
001596252,1952,56,4
001596253,1952,20,4
001596254,1952,11,4
001596255,1952,5,3
001596256,1952,344,3
001596257,1952,210,4
001596259,1951,152,4
001596260,1951,104,4
001596263,1952,240,4
001596264,1952,215,4
001596265,1952,84,4
001596266,1952,268,4
001596267,1952,298,4
001596276,1943,343,9
001596319,1946,256,9
001596324,1944,84,1
001596371,1909,66,3
001596372,1909,261,3
001596374,1917,82,1
001596375,1942,78,9
001596379,1939,14,1
001596380,1939,388,7
001596381,1939,537,3
001596391,1945,58,9
001596410,1950,368,4
001596421,1939,392,7
001596426,1949,92,7
001596437,1944,646,2
001596439,1946,637,4
001596540,1945,358,7
001596541,1945,316,7
001596542,1945,362,7
001596543,1945,647,9
001596544,1945,459,9
001596545,1945,397,7
001596546,1945,453,7
001596547,1945,371,7
001596548,1945,551,7
001596549,1945,377,7
001596550,1945,641,7
001596551,1945,320,10
001596552,1945,323,7
001596553,1945,399,7
001596554,1945,630,9
001596555,1945,500,7
001596556,1945,457,3
001596557,1945,405,7
001596558,1945,526,7
001596559,1945,431,7
001596560,1945,532,7
001596566,1950,109,2
001596567,1950,248,4
001596589,1932,58,7
001596620,1945,349,5
001596681,1938,242,2
001596689,1941,562,2
001596704,1939,49,7
001596781,1936,560,9
001596782,1936,553,5
001596783,1936,641,7
001596794,1950,331,4
001596810,1936,351,7
001596811,1936,368,2
001596812,1936,410,9
001596814,1936,242,7
001596815,1936,271,5
001596841,1943,526,9
001596843,1945,45,9
001596864,1938,218,7
001596892,1935,172,7
001596903,1948,513,7
001596911,1941,18,9
001596932,1943,83,3
001596933,1937,521,7
001596934,1937,628,9
001596937,1947,18,7
001596993,1947,87,5
001596994,1919,280,1
001597003,1947,157,4
001597021,1943,575,9
001597022,1945,88,4
001597059,1941,611,10
001597061,1941,150,9
001597083,1945,634,2
001597084,1945,599,2
001597085,1945,553,3
001597086,1945,545,3
001597087,1945,564,5
001597088,1945,509,2
001597089,1945,457,7
001597090,1945,421,3
001597093,1950,283,4
001597094,1950,83,7
001597095,1950,228,2
001597096,1950,550,4
001597097,1950,608,4
001597123,1946,35,7
001597124,1946,89,7
001597125,1946,261,7
001597127,1946,650,4
001597137,1928,1,7
001597144,1950,57,1
001597145,1950,70,3
001597146,1950,148,3
001597147,1950,185,185
001597148,1950,248,3
001597149,1950,524,4
001597150,1950,536,4
001597151,1950,542,4
001597152,1950,56,2
001597153,1950,216,6
001597154,1950,519,2
001597155,1950,533,2
001597156,1950,555,2
001597157,1950,606,3
001597158,1950,222,6
001597159,1950,198,3
001597160,1950,379,4
001597161,1950,596,4
001597184,1948,561,4
001597238,1936,337,1
001597308,1944,593,9
001597310,1928,429,9
001597341,1945,470,9
001597342,1945,349,7
001597367,1941,152,7
001597418,1945,10,7
001597419,1945,289,7
001597442,1943,371,7
001597445,1937,514,17
001597446,1937,503,9
001597452,1915,275,17
001597459,1946,581,6
001597477,1937,525,9
001597478,1943,109,9
001597479,1943,98,9
001597480,1934,71,7
001597483,1933,458,7
001597484,1941,128,8
001597527,1935,493,7
001597534,1909,24,9
001597535,1909,173,3
001597546,1928,81,9
001597547,1918,217,5
001597554,1947,273,4
001597556,1947,350,3
001597557,1947,494,7
001597565,1939,588,5
001597581,1938,628,10
001597625,1947,63,7
001597754,1944,128,9
001597755,1936,491,8
001597789,1945,66,9
001597794,1939,344,1
001597824,1937,108,7
001597825,1947,588,5
001597826,1943,601,1
001597827,1943,31,7
001597828,1935,656,7
001597838,1935,639,10
001597853,1946,252,7
001597866,1939,604,3
001597875,1941,326,4
001597880,1937,602,9
001597899,1945,360,2
001597908,1948,120,7
001597914,1947,328,2
001597923,1939,340,5
001597930,1944,3,9
001597960,1947,191,7
001597961,1945,132,5
001597963,1935,541,7
001598001,1936,48,7
001598010,1902,227,2
001598011,1947,294,2
001598013,1945,318,7
001598014,1947,187,2
001598034,1936,76,8
001598035,1936,122,8
001598039,1943,422,9
001598040,1943,610,9
001598045,1936,386,7
001598075,1917,193,1
001598086,1946,322,7
001598087,1946,128,9
001598090,1944,622,9
001598112,1939,535,9
001598113,1939,446,9
001598124,1945,153,9
001598125,1945,27,9
001598161,1941,154,7
001598162,1945,1,9
001598170,1920,108,3
001598230,1946,290,7
001598231,1941,156,9
001598232,1939,366,9
001598235,1901,24,2
001598238,1941,642,9
001598246,1942,646,6
001598247,1941,1,67
001598255,1945,306,2
001598273,1943,62,5
001598330,1948,249,4
001598333,1948,189,4
001598334,1948,188,9
001598335,1948,225,4
001598336,1948,225,3
001598337,1903,104,2
001598338,1948,257,7
001598339,1948,248,9
001598340,1945,116,7
001598392,1944,1,1
001598406,1919,161,1
001598559,1935,453,1
001598593,1939,68,10
001598596,1947,229,4
001598601,1942,117,9
001598602,1942,80,9
001598603,1903,53,2
001598604,1948,329,7
001598605,1948,288,4
001598606,1948,176,4
001598649,1945,214,9
001598651,1938,185,9
001598652,1938,44,9
001598653,1938,310,2
001598697,1946,20,7
001598699,1946,279,7
001598700,1946,70,7
001598703,1945,1,10
001598724,1945,243,9
001598727,1936,569,7
001598743,1939,617,9
001598757,1943,634,9
001598768,1943,200,9
001598769,1941,487,9
001598770,1941,485,9
001598771,1943,213,9
001598772,1943,560,9
001598773,1947,40,4
001598789,1951,37,3
001598790,1951,10,4
001598799,1903,60,3
001598806,1937,635,7
001598837,1938,18,11
001598838,1947,628,7
001598849,1934,647,9
001598867,1936,610,9
001598880,1948,337,7
001598891,1939,314,9
001598894,1902,278,2
001598896,1947,616,7
001598901,1937,503,9
001598902,1943,304,9
001598910,1946,122,7
001598911,1946,588,7
001598912,1946,35,7
001598918,1935,630,7
001598924,1939,327,9
001598929,1945,49,9
001598930,1945,261,7
001598955,1944,124,5
001598956,1944,115,9
001598964,1944,188,10
001598973,1943,630,10
001598974,1944,519,9
001599067,1938,55,9
001599071,1944,426,9
001599081,1936,362,7
001599095,1938,653,5
001599098,1916,24,345
001599126,1938,68,9
001599128,1939,4,7
001599136,1936,212,7
001599137,1936,210,7
001599138,1936,216,7
001599142,1936,503,7
001599145,1924,236,NaN
001599183,1939,368,9
001599184,1939,351,9
001599190,1938,122,9
001599198,1945,52,3
001599210,1946,13,9
001599214,1936,619,7
001599226,1944,132,9
001599227,1935,72,9
001599269,1936,571,9
001599275,1933,204,7
001599278,1947,224,2
001599280,1946,361,7
001599281,1944,615,9
001599286,1941,224,9
001599289,1943,7,NaN
001599290,1943,376,7
001599302,1945,340,7
001599303,1945,261,7
001599304,1945,194,9
001599305,1945,153,9
001599306,1944,478,9
001599307,1943,625,9
001599308,1943,539,10
001599325,1943,309,9
001599336,1945,568,7
001599337,1945,504,9
001599371,1946,204,7
001599372,1944,91,1
001599386,1941,299,9
001599387,1941,261,9
001599388,1941,646,7
001599470,1936,377,9
001599471,1936,317,7
001599474,1936,87,7
001599479,1938,116,7
001599480,1936,628,7
001599481,1936,628,7
001599482,1938,116,7
001599483,1936,163,7
001599502,1945,394,9
001599503,1945,647,10
001599504,1945,536,10
001599505,1945,523,10
001599507,1945,49,9
001599508,1945,36,9
001599509,1945,2,7
001599523,1946,598,9
001599598,1946,48,7
001599603,1946,70,7
001599609,1939,588,9
001599612,1947,522,7
001599637,1933,208,9
001599644,1935,592,7
001599658,1944,502,9
001599662,1941,135,9
001599673,1938,514,9
001599674,1938,510,7
001599682,1950,174,2
001599683,1951,148,5
001599688,1935,539,7
001599712,1944,400,9
001599718,1944,500,9
001599757,1945,347,7
001599758,1945,534,9
001599759,1945,581,7
001599809,1945,167,4
001599810,1945,136,9
001599811,1945,134,5
001599812,1945,127,7
001599813,1945,118,9
001599814,1945,108,4
001599817,1945,120,9
001599818,1938,454,9
001599819,1938,31,9
001599820,1938,53,9
001599821,1938,499,9
001599824,1910,191,1
001599837,1946,26,5
001599838,1944,524,6
001599839,1948,482,1
001599840,1948,456,1
001599870,1943,416,9
001599871,1943,369,9
001599872,1943,333,9
001599873,1937,21,10
001599874,1937,108,9
001599875,1937,499,9
001599877,1947,376,9
001599878,1947,368,7
001599879,1947,344,7
001599880,1947,333,7
001599881,1947,228,9
001599882,1947,222,7
001599886,1948,188,9
001599897,1948,612,1
001599905,1947,607,1
001599910,1939,338,9
001599911,1940,62,9
001599912,1937,346,7
001599913,1947,170,4
001599918,1948,457,4
001599921,1948,305,7
001599922,1942,618,10
001599924,1948,193,7
001599925,1944,28,7
001599926,1944,330,9
001599927,1944,354,9
001599928,1944,384,9
001599929,1944,22,9
001599932,1946,592,7
001599933,1946,545,7
001599934,1946,59,7
001599935,1943,299,9
001599936,1943,290,9
001599937,1943,266,6
001599938,1943,244,7
001599939,1943,237,9
001599940,1943,224,9
001599941,1943,135,9
001599942,1943,205,6
001599943,1943,25,7
001599944,1943,23,6
001599945,1934,472,7
001599946,1934,29,7
001599947,1949,155,7
001599948,1949,99,4
001599949,1949,38,7
001599950,1949,3,7
001599951,1943,132,2
001599952,1943,10,6
001599986,1947,588,7
001599987,1947,553,7
001599990,1947,543,5
001599996,1939,342,9
001599997,1939,621,9
001600024,1945,171,6
001600025,1945,168,9
001600027,1939,583,9
001600028,1939,344,9
001600029,1938,155,7
001600030,1938,168,7
001600034,1937,45,7
001600035,1945,312,7
001600036,1945,308,6
001600037,1945,180,4
001600054,1941,133,9
001600056,1935,344,9
001600062,1945,32,10
001600065,1947,620,4
001600081,1939,651,9
001600082,1939,36,7
001600085,1943,650,5
001600097,1943,562,9
001600099,1947,471,7
001600102,1936,518,7
001600104,1936,532,1
001600105,1936,504,7
001600106,1942,595,5
001600115,1938,270,7
001600155,1938,146,9
001600157,1936,501,7
001600164,1947,213,7
001600173,1947,187,7
001600174,1947,169,9
001600175,1947,183,4
001600176,1902,13,3
001600177,1947,27,4
001600180,1941,68,7
001600181,1941,50,9
001600185,1941,91,10
001600186,1941,1,68
001600198,1938,595,9
001600199,1938,558,9
001600200,1938,469,7
001600213,1947,202,NaN
001600238,1935,381,9
001600285,1909,241,6
001600291,1940,410,9
001600293,1909,247,6
001600356,1946,649,9
001600357,1944,591,9
001600361,1944,384,9
001600462,1918,298,2
001600465,1939,396,9
001600494,1919,52,1
001600521,1911,243,6
001600533,1912,211,6
001600541,1935,639,9
001600672,1943,292,2
001600694,1943,453,5
001600735,1945,403,7
001600866,1943,369,9
001600867,1943,565,9
001600874,1943,367,9
001600914,1918,298,2
001600982,1936,366,7
001601033,1915,2,1
001601047,1938,377,7
001601145,1943,472,9
001601152,1946,230,31
001601154,1935,500,7
001601156,1901,63,2
001601158,1924,219,1
001601159,1947,275,2
001601185,1941,501,7
001601186,1944,473,9
001601187,1943,198,9
001601188,1943,395,9
001601214,1947,607,8
001601215,1945,536,9
001601216,1944,474,5
001601217,1943,554,9
001601218,1943,526,7
001601219,1941,104,10
001601220,1944,84,12
001601221,1944,439,7
001601222,1938,591,3
001601224,1936,288,7
001601225,1947,87,5
001601226,1937,501,9
001601227,1939,55,7
001601228,1939,44,7
001601229,1939,44,1
001601230,1939,70,9
001601231,1939,43,1
001601232,1946,588,4
001601233,1935,547,9
001601234,1935,603,7
001601235,1945,310,7
001601236,1936,621,6
001601237,1936,548,68
001601238,1936,589,5
001601239,1938,33,9
001601275,1947,228,4
001601286,1944,478,9
001601292,1945,527,3
001601310,1901,219,2
001601311,1946,457,9
001601319,1936,443,7
001601320,1936,450,7
001601327,1936,516,7
001601335,1936,210,7
001601336,1936,228,1
001601337,1936,269,9
001601343,1947,117,9
001601365,1946,335,9
001601367,1948,457,4
001601368,1948,457,4
001601369,1948,74,9
001601373,1935,545,1
001601382,1935,344,9
001601383,1935,579,7
001601389,1936,37,9
001601391,1936,555,7
001601392,1936,655,1
001601393,1936,654,7
001601394,1936,623,20
001601395,1936,566,1
001601396,1936,602,7
001601397,1936,564,1
001601400,1936,546,9
001601401,1938,361,7
001601402,1947,451,7
001601403,1947,440,9
001601407,1938,577,9
001601408,1938,482,9
001601414,1938,626,10
001601417,1939,551,7
001601418,1941,531,9
001601438,1946,489,6
001601440,1945,271,7
001601441,1945,190,9
001601442,1945,134,5
001601443,1945,94,9
001601444,1945,172,2
001601445,1945,120,9
001601446,1945,141,4
001601453,1947,586,7
001601454,1947,607,5
001601455,1947,307,7
001601456,1902,142,2
001601457,1947,325,7
001601465,1929,467,7
001601470,1947,556,4
001601471,1902,252,3
001601475,1919,267,2
001601476,1909,169,3
001601477,1909,24,9
001601521,1938,174,13
001601526,1935,654,7
001601673,1950,79,7
001601681,1943,299,9
001601682,1943,205,6
001601683,1949,73,4
001601687,1943,190,2
001601709,1909,210,1
001601711,1937,215,17
001601720,1947,466,10
001601721,1947,491,9
001601722,1947,489,7
001601723,1902,218,3
001601724,1947,479,3
001601725,1947,502,7
001601734,1947,518,3
001601735,1947,193,10
001601797,1903,15,3
001601798,1903,14,3
001601799,1946,566,7
001601801,1948,301,4
001601802,1939,407,10
001601804,1939,423,9
001601805,1939,453,9
001601806,1939,475,9
001601807,1901,39,2
001601808,1939,381,9
001601809,1939,276,7
001601810,1939,250,9
001601813,1939,459,10
001601893,1947,300,7
001601898,1945,69,4
001601899,1937,79,9
001601905,1918,56,2
001601917,1918,69,1
001602036,1928,482,7
001602057,1936,35,7
001602066,1945,466,9
001602076,1945,639,7
001602086,1936,76,8
001602138,1946,245,9
001602141,1948,96,7
001602145,1948,92,7
001602161,1946,169,10
001602162,1946,135,7
001602178,1942,3,7
001602187,1903,3,3
001602192,1917,350,4
001602193,1917,159,1
001602195,1919,1,3
001602197,1917,292,4
001602201,1901,101,2
001602202,1935,550,7
001602203,1935,553,7
001602204,1935,553,7
001602205,1946,294,9
001602206,1901,153,2
001602207,1938,46,7
001602208,1938,441,7
001602209,1938,407,7
001602233,1938,64,9
001602272,1938,189,9
001602276,1938,577,9
001602279,1924,269,1
001602293,1938,562,9
001602297,1947,218,4
001602335,1939,23,5
001602336,1939,410,7
001602337,1948,422,7
001602338,1948,139,3
001602339,1939,23,5
001602374,1949,137,9
001602388,1943,645,4
001602405,1938,75,7
001602451,1936,380,4
001602457,1938,9,7
001602458,1938,2,7
001602461,1948,3,7
001602466,1951,182,5
001602489,1935,253,7
001602546,1936,309,7
001602558,1938,66,9
001602592,1938,569,9
001602593,1947,396,1
001602594,1902,86,3
001602595,1902,86,3
001602596,1939,68,10
001602601,1944,497,1
001602605,1951,179,4
001602616,1939,623,9
001602617,1939,431,9
001602618,1939,60,9
001602619,1945,198,2
001602620,1945,68,10
001602621,1945,14,7
001602622,1943,640,10
001602623,1943,463,9
001602626,1946,624,3
001602627,1944,629,9
001602686,1947,630,7
001602696,1935,583,3
001602697,1935,126,7
001602698,1946,189,7
001602701,1950,129,3
001602714,1901,135,2
001602716,1946,475,7
001602717,1901,228,2
001602719,1935,150,13
001602723,1924,74,1
001602750,1943,608,4
001602753,1947,622,7
001602799,1902,116,3
001602802,1939,459,9
001602803,1935,601,7
001602805,1947,79,3
001602854,1946,406,9
001602857,1946,286,5
001602858,1946,96,7
001602861,1901,130,2
001602862,1946,636,9
001602865,1939,527,9
001602867,1945,311,4
001602869,1947,605,7
001602876,1938,49,8
001602878,1947,178,7
001602879,1947,102,7
001602881,1947,292,7
001602882,1947,260,7
001602909,1935,596,9
001602910,1935,570,9
001603083,1919,328,2
001603106,1941,167,9
001603154,1943,511,2
001603155,1943,516,2
001603156,1943,537,1
001603183,1932,497,7
001603220,1901,24,1
001603221,1946,332,4
001603222,1946,329,5
001603223,1946,329,5
001603224,1946,327,7
001603225,1946,327,5
001603226,1946,327,2
001603227,1946,325,7
001603228,1946,324,7
001603229,1946,324,7
001603230,1946,324,5
001603231,1946,325,7
001603232,1946,327,7
001603233,1901,161,2
001603261,1928,578,9
001603277,1935,150,14
001603287,1951,278,5
001603288,1929,463,7
001603293,1932,392,7
001603294,1932,154,7
001603295,1934,167,1
001603322,1948,370,7
001603344,1945,601,9
001603347,1946,292,1
001603348,1946,322,5
001603349,1946,319,1
001603350,1946,302,7
001603351,1901,163,2
001603352,1901,70,2
001603354,1941,146,9
001603355,1941,143,7
001603356,1941,128,5
001603369,1949,7,5
001603370,1904,128,2
001603371,1943,155,9
001603372,1943,244,7
001603373,1947,94,7
001603375,1943,176,7
001603397,1943,289,2
001603399,1934,268,7
001603401,1945,259,7
001603406,1940,95,3
001603414,1945,310,7
001603415,1946,586,4
001603416,1946,599,4
001603417,1946,268,7
001603442,1939,313,3
001603444,1938,314,7
001603445,1946,320,4
001603446,1945,320,6
001603449,1946,596,7
001603453,1919,200,1
001603454,1919,304,1
001603455,1918,56,1
001603479,1919,317,1
001603482,1919,45,1
001603548,1946,169,9
001603557,1929,80,4
001603558,1929,69,9
001603565,1939,649,9
001603566,1939,379,7
001603570,1919,57,1
001603571,1919,64,1
001603580,1946,176,7
001603581,1946,207,5
001603582,1946,219,12
001603583,1946,170,6
001603585,1947,53,5
001603641,1939,507,9
001603642,1936,319,9
001603650,1924,43,2
001603675,1944,106,9
001603677,1948,374,7
001603704,1918,171,5
001603705,1919,302,2
001603706,1918,156,1
001603707,1947,128,7
001603778,1938,275,9
001603784,1944,642,9
001603866,1948,72,7
001603872,1935,130,9
001603873,1946,116,2
001603874,1946,109,7
001603881,1947,14,5
001603894,1921,128,3
001603965,1939,161,1
001603976,1939,70,1
001603977,1903,86,2
001603980,1903,108,3
001603985,1938,133,2
001603986,1938,275,7
001603987,1938,235,7
001604117,1946,16,7
001604125,1904,131,2
001604126,1939,592,9
001604127,1935,521,7
001604214,1938,142,5
001604272,1948,40,7
001604275,1946,543,2
001604276,1903,251,2
001604281,1927,289,3
001604283,1947,445,7
001604284,1947,511,7
001604292,1949,7,9
001604294,1938,478,4
001604300,1909,149,1
001604304,1936,317,7
001604305,1936,484,9
001604319,1917,191,4
001604337,1929,630,7
001604338,1946,157,5
001604340,1936,53,2
001604342,1936,590,2
001604343,1944,86,2
001604344,1944,74,7
001604388,1936,397,7
001604389,1944,48,9
001604390,1944,39,9
001604391,1944,123,8
001604392,1947,131,5
001604395,1949,88,5
001604396,1937,179,2
001604402,1938,133,7
001604407,1944,475,2
001604416,1933,9,7
001604417,1933,23,7
001604418,1928,358,10
001604419,1928,427,9
001604420,1933,647,7
001604421,1933,356,7
001604422,1947,318,3
001604423,1947,292,5
001604424,1947,290,2
001604457,1939,81,10
001604893,1936,457,4
001604904,1917,111,4
001604911,1945,36,9
001604921,1949,213,9
001604929,1947,491,9
001604930,1947,646,3
001604931,1902,288,3
001604965,1947,633,3
001604967,1939,462,9
001604968,1939,464,9
001604978,1941,495,9
001604979,1941,627,10
001604980,1941,640,10
001604981,1943,549,9
001605128,1902,107,3
001605132,1948,415,7
001605137,1939,609,9
001605141,1944,504,9
001605142,1944,121,7
001605149,1938,588,7
001605155,1948,145,7
001605156,1944,132,7
001605157,1944,165,9
001605158,1944,523,7
001605159,1944,521,9
001605160,1945,173,10
001605161,1947,109,7
001605162,1939,568,5
001605166,1944,123,10
001605190,1932,644,9
001605191,1939,549,7
001605192,1948,167,8
001605194,1945,575,7
001605196,1917,146,4
001605212,1941,559,9
001605316,1936,143,8
001605388,1939,66,9
001605396,1938,551,1
001605397,1938,515,5
001605402,1942,163,1
001605585,1934,656,7
001605655,1946,243,9
001605656,1901,127,2
001605701,1901,131,2
001605713,1940,194,9
001605736,1942,586,9
001605746,1944,215,7
001605748,1935,641,10
001605767,1945,27,9
001605803,1938,179,9
001605829,1939,96,9
001605848,1937,575,9
001605856,1941,327,10
001605912,1938,398,9
001605913,1938,396,9
001605914,1938,235,9
001605915,1944,432,9
001605924,1939,429,9
001605934,1944,139,9
001605946,1934,112,7
001605958,1944,89,9
001605960,1943,14,9
001605998,1915,62,2
001606000,1947,284,7
001606001,1947,262,5
001606002,1947,260,7
001606003,1947,220,7
001606004,1902,98,2
001606005,1947,204,10
001606006,1902,149,2
001606029,1946,562,7
001606033,1939,499,7
001606035,1939,181,5
001606036,1939,379,9
001606038,1946,16,7
001606059,1935,111,7
001606127,1935,85,7
001606128,1935,603,7
001606129,1935,488,7
001606130,1935,491,7
001606131,1935,383,7
001606132,1935,409,7
001606133,1935,440,7
001606134,1905,301,5
001606135,1935,233,9
001606136,1935,195,7
001606137,1944,65,9
001606138,1943,619,9
001606139,1945,209,9
001606140,1945,113,2
001606141,1945,88,9
001606142,1947,63,7
001606143,1947,169,9
001606144,1947,113,7
001606146,1943,378,9
001606147,1943,308,9
001606148,1934,523,10
001606149,1934,310,9
001606150,1934,270,9
001606151,1934,256,7
001606152,1934,214,7
001606153,1934,71,7
001606154,1932,504,NaN
001606155,1937,562,9
001606156,1937,213,7
001606157,1937,151,10
001606168,1938,551,9
001606169,1938,614,9
001606170,1938,628,10
001606171,1938,490,9
001606268,1951,148,4
001606309,1936,634,7
001606316,1936,111,7
001606331,1938,137,9
001606333,1938,142,5
001606334,1938,166,7
001606335,1938,183,7
001606336,1938,70,9
001606337,1938,79,9
001606338,1938,111,5
001606340,1920,134,3
001606385,1951,342,3
001606386,1951,348,1
001606453,1943,580,7
001606454,1943,614,7
001606455,1941,204,9
001606456,1941,156,10
001606457,1941,572,9
001606482,1940,247,6
001606483,1940,250,7
001606493,1933,79,7
001606494,1918,62,5
001606497,1951,137,4
001606498,1951,245,5
001606557,1936,227,7
001606558,1940,222,10
001606559,1936,491,8
001606560,1909,130,1
001606561,1936,366,7
001606579,1933,217,9
001606580,1919,48,1
001606581,1933,356,7
001606585,1918,226,1
001606627,1941,615,9
001606633,1949,550,7
001606662,1945,304,2
001606736,1939,647,7
001606746,1942,440,7
001606752,1947,120,7
001606789,1941,481,2
001606790,1941,484,3
001606829,1934,287,7
001606830,1943,9,7
001606836,1950,368,4
001606837,1951,112,4
001606839,1935,342,7
001606848,1946,133,7
001606851,1947,113,7
001606857,1938,545,10
001606860,1947,555,10
001606861,1947,562,7
001606865,1938,309,7
001606866,1938,211,9
001606867,1938,62,7
001606870,1939,507,9
001606871,1948,210,7
001606872,1948,521,10
001606874,1948,365,11
001606987,1939,531,7
001606988,1939,529,7
001607003,1941,344,2
001607013,1939,527,9
001607014,1939,181,7
001607015,1949,255,7
001607017,1949,300,7
001607018,1932,115,3
001607020,1945,55,10
001607021,1945,207,9
001607057,1950,99,7
001607058,1950,449,2
001607060,1945,641,7
001607061,1951,239,4
001607064,1951,292,4
001607068,1952,260,4
001607071,1950,145,2
001607075,1945,634,9
001607087,1950,337,2
001607102,1941,654,10
001607105,1950,198,2
001607112,1943,520,9
001607113,1943,513,9
001607118,1928,71,10
001607124,1939,577,9
001607128,1945,553,7
001607150,1945,617,5
001607154,1945,592,7
001607198,1940,556,9
001607199,1940,460,9
001607200,1940,212,7
001607201,1940,190,7
001607202,1940,186,9
001607203,1940,121,3
001607215,1950,92,6
001607232,1945,634,9
001607253,1945,375,7
001607254,1950,14,7
001607255,1952,339,5
001607257,1950,353,4
001607259,1952,137,2
001607262,1950,66,7
001607275,1947,235,4
001607276,1947,260,7
001607277,1945,515,7
001607288,1952,316,2
001607289,1945,318,4
001607321,1951,262,4
001607381,1945,561,2
001607382,1945,570,7
001607436,1952,149,3
001607440,1937,45,10
001607443,1950,164,7
001607458,1945,377,7
001607462,1952,289,4
001607464,1950,211,6
001607473,1950,132,2
001607476,1945,544,2
001607491,1945,600,2
001607492,1950,351,2
001607493,1950,353,2
001607553,1945,601,7
001607554,1945,567,2
001607555,1945,541,7
001607556,1945,523,4
001607557,1945,510,7
001607558,1945,489,5
001607560,1945,508,7
001607561,1945,488,7
001607562,1945,466,9
001607563,1945,458,6
001607564,1945,440,5
001607575,1952,75,3
001607597,1950,392,5
001607598,1950,205,3
001607613,1945,647,9
001607614,1945,497,9
001607617,1950,25,3
001607622,1945,513,5
001607675,1950,4,2
001607677,1951,302,4
001607683,1952,247,4
001607684,1950,101,6
001607698,1950,624,4
001607731,1945,381,10
001607735,1950,63,2
001607772,1951,105,4
001607781,1952,9,3
001607789,1950,261,4
001607791,1945,466,9
001607799,1952,190,4
001607800,1952,154,4
001607801,1951,92,4
001607808,1938,200,7
001607836,1943,118,4
001607837,1943,144,9
001607838,1943,176,9
001607842,1947,167,7
001607851,1945,250,7
001607854,1937,67,7
001607855,1937,334,7
001607856,1949,51,7
001607859,1952,285,3
001607864,1951,94,4
001607879,1945,621,9
001607896,1945,208,9
001607897,1945,401,7
001607926,1945,645,5
001607927,1945,650,4
001607928,1945,598,7
001607929,1945,576,2
001607930,1945,449,7
001607931,1945,318,5
001607932,1945,316,5
001607983,1950,177,7
001607984,1950,105,6
001607995,1950,109,2
001607997,1950,23,7
001608003,1951,138,4
001608004,1950,5,7
001608016,1950,167,2
001608042,1904,82,2
001608043,1904,167,2
001608044,1945,56,3
001608045,1902,24,3
001608047,1947,244,7
001608061,1950,96,5
001608075,1950,16,7
001608082,1950,458,4
001608085,1945,494,4
001608086,1950,605,1
001608095,1945,397,4
001608100,1945,328,7
001608115,1951,80,5
001608130,1951,232,4
001608140,1945,403,4
001608141,1950,396,3
001608144,1945,521,7
001608145,1945,528,4
001608146,1951,322,4
001608150,1938,208,2
001608151,1938,194,5
001608152,1938,192,9
001608169,1950,620,5
001608207,1950,294,4
001608208,1945,581,7
001608212,1950,190,5
001608213,1952,126,1
001608216,1950,125,7
001608222,1945,652,5
001608225,1945,324,7
001608227,1951,118,4
001608237,1950,458,5
001608240,1945,543,8
001608248,1952,204,4
001608249,1950,582,4
001608250,1945,543,9
001608286,1950,21,7
001608293,1945,523,10
001608303,1950,44,7
001608310,1950,57,7
001608361,1945,619,7
001608373,1950,210,2
001608377,1951,292,4
001608379,1945,420,6
001608380,1945,392,5
001608435,1939,420,9
001608450,1939,88,9
001608451,1939,357,1
001608452,1939,4,7
001608536,1939,2,2
001608537,1948,604,7
001608538,1948,16,7
001608596,1950,290,4
001608619,1942,619,5
001608620,1942,616,9
001608621,1942,235,7
001608622,1942,632,9
001608653,1945,353,7
001608669,1952,86,3
001608670,1951,152,4
001608671,1952,343,4
001608696,1950,598,2
001608698,1952,248,3
001608706,1952,197,4
001608707,1952,242,4
001608724,1950,22,2
001608726,1952,246,3
001608727,1951,318,6
001608733,1952,96,3
001608764,1950,125,7
001608790,1952,194,4
001608797,1945,539,5
001608867,1951,92,4
001608995,1938,151,2
001609092,1941,6,7
001609134,1919,93,2
001609136,1933,110,7
001609137,1919,89,3
001609143,1934,595,9
001609145,1938,603,9
001609152,1944,107,2
001609153,1944,170,3
001609156,1944,180,9
001609158,1941,625,9
001609161,1947,300,3
001609206,1946,341,9
001609207,1939,381,9
001609208,1946,107,7
001609209,1946,528,6
001609211,1946,378,7
001609212,1946,354,5
001609213,1946,346,7
001609215,1950,554,4
001609229,1924,141,NaN
001609234,1936,546,9
001609236,1951,309,4
001609258,1943,129,9
001609283,1942,389,7
001609288,1938,421,7
001609290,1949,114,7
001609390,1947,305,7
001609535,1926,247,3
001609547,1946,607,7
001609566,1947,303,3
001609749,1939,407,9
001609946,1918,52,1
001609994,1935,412,7
001609995,1935,76,9
001610002,1945,222,2
001610003,1943,224,9
001610004,1937,187,7
001610007,1943,640,7
001610051,1945,77,7
001610052,1943,652,2
001610059,1941,591,5
001610060,1941,386,1
001610061,1941,593,4
001610062,1941,327,7
001610063,1941,485,9
001610064,1941,592,3
001610065,1941,583,3
001610066,1941,591,5
001610067,1941,593,7
001610068,1941,215,4
001610069,1941,589,3
001610080,1948,541,7
001610084,1939,494,2
001610086,1946,616,7
001610124,1946,222,7
001610130,1935,48,7
001610131,1939,494,2
001610133,1939,499,2
001610138,1939,192,2
001610144,1935,216,7
001610154,1946,254,7
001610155,1946,297,7
001610156,1946,294,9
001610169,1943,113,10
001610176,1929,4,9
001610177,1929,592,7
001610178,1943,57,4
001610179,1941,83,7
001610180,1947,159,7
001610186,1938,396,9
001610187,1933,92,2
001610189,1928,185,9
001610190,1928,68,9
001610197,1944,223,6
001610198,1938,157,4
001610200,1936,658,3
001610201,1936,37,9
001610202,1936,74,4
001610206,1936,89,7
001610207,1936,368,5
001610208,1936,419,2
001610210,1928,427,3
001610213,1934,220,7
001610214,1947,239,2
001610215,1944,624,7
001610240,1935,618,10
001610241,1935,601,7
001610266,1947,551,7
001610340,1939,44,9
001610341,1939,135,10
001610342,1939,247,9
001610380,1948,482,9
001610508,1936,412,9
001610517,1947,267,4
001610541,1938,523,9
001610547,1902,260,3
001610549,1936,615,7
001610600,1945,534,9
001610601,1945,547,9
001610602,1945,617,7
001610603,1945,557,7
001610614,1944,599,10
001610669,1947,262,2
001610685,1940,638,3
001610697,1935,342,7
001610719,1949,508,3
001610723,1941,591,1
001610734,1949,417,3
001610736,1936,621,3
001610798,1939,342,9
001610799,1939,546,10
001610800,1948,189,4
001610801,1948,275,3
001610802,1948,238,3
001610803,1941,156,1
001610804,1948,158,7
001610848,1938,353,7
001610874,1952,184,3
001610875,1952,235,4
001610876,1952,142,4
001610877,1952,147,3
001610878,1952,210,4
001611076,1944,615,9
001611078,1945,547,10
001611079,1945,614,7
001611080,1945,611,9
001611081,1945,547,7
001611082,1945,442,7
001611083,1945,652,7
001611084,1945,547,7
001611085,1945,508,9
001611086,1945,513,5
001611087,1945,491,4
001611088,1945,623,7
001611089,1945,584,2
001611090,1945,650,7
001611091,1945,647,10
001611092,1945,545,9
001611093,1945,572,9
001611094,1945,570,7
001611095,1945,617,7
001611096,1945,612,1
001611097,1945,596,7
001611227,1950,617,2
001611228,1950,597,2
001611229,1950,588,4
001611230,1950,588,4
001611231,1950,577,2
001611232,1950,548,3
001611233,1950,533,2
001611234,1950,531,2
001611235,1950,531,2
001611236,1950,526,4
001611237,1950,526,4
001611238,1950,509,2
001611239,1950,509,2
001611240,1950,502,2
001611241,1950,482,4
001611242,1950,467,2
001611243,1950,454,5
001611244,1950,428,2
001611245,1950,415,2
001611246,1950,379,4
001611247,1950,374,4
001611248,1950,361,4
001611249,1950,361,4
001611250,1950,351,3
001611251,1950,350,5
001611252,1950,337,5
001611253,1950,311,2
001611254,1950,288,4
001611255,1950,190,6
001611256,1950,283,4
001611257,1950,256,2
001611258,1950,174,2
001611259,1919,236,2
001611260,1919,190,2
001611261,1919,192,2
001611263,1919,194,3
001611264,1950,119,2
001611265,1950,110,3
001611266,1950,100,2
001611267,1950,47,7
001611268,1950,34,7
001611269,1950,22,2
001611270,1950,170,6
001611271,1950,170,6
001611272,1950,165,2
001611273,1950,144,3
001611274,1950,134,2
001611275,1950,124,2
001611276,1950,18,7
001611277,1950,17,2
001611278,1950,15,2
001611279,1950,15,2
001611280,1950,7,2
001611281,1950,4,4
001611282,1950,1,3
001611373,1944,476,9
001611418,1915,119,2
001611472,1917,340,1
001611474,1939,651,9
001611481,1935,582,1
001611486,1936,234,7
001611720,1936,339,11
001611721,1936,345,7
001611722,1936,294,1
001611723,1936,281,9
001611724,1936,362,2
001611734,1928,403,1
001611778,1919,189,1
001611781,1919,175,2
001611782,1919,189,2
001611792,1941,6,9
001611793,1941,159,9
001611798,1941,477,22
001611800,1943,391,2
001611801,1943,10,6
001611802,1945,190,10
001611804,1947,524,7
001611805,1947,191,2
001611806,1902,151,2
001611807,1901,124,2
001612002,1947,318,7
001612003,1902,136,2
001612004,1902,276,2
001612005,1947,610,5
001612006,1902,272,2
001612007,1902,271,2
001612008,1902,270,2
001612009,1902,267,2
001612010,1902,266,2
001612011,1947,271,7
001612012,1947,496,7
001612013,1947,619,10
001612014,1947,479,7
001612015,1902,281,2
001612016,1947,624,7
001612017,1902,279,2
001612018,1902,279,2
001612023,1942,556,3
001612033,1939,420,9
001612034,1948,42,5
001612036,1939,586,2
001612135,1938,40,5
001612194,1938,148,9
001612195,1938,374,2
001612375,1944,600,4
001612413,1943,335,5
001612425,1947,496,7
001612427,1939,225,9
001612434,1936,403,9
001612436,1951,196,5
001612437,1952,51,3
001612438,1952,336,4
001612452,1938,83,1
001612467,1947,440,3
001612468,1947,440,9
001612471,1938,172,3
001612472,1936,78,5
001612668,1948,5,7
001612670,1945,153,9
001612673,1948,160,7
001612674,1946,279,7
001612675,1938,385,9
001612676,1929,127,9
001612679,1943,44,7
001612680,1934,331,7
001612681,1943,59,9
001612682,1943,133,9
001612685,1947,39,9
001612686,1902,25,3
001612694,1936,649,34
001612696,1936,604,6
001612756,1938,438,9
001612757,1948,139,3
001612765,1946,74,7
001612767,1938,577,1
001612768,1924,294,1
001612775,1943,621,9
001612782,1938,149,1
001612785,1938,142,7
001612791,1938,477,9
001612792,1938,477,4
001612793,1938,467,9
001612799,1915,5,44
001612803,1947,620,3
001612804,1902,135,33
001612806,1938,482,5
001612833,1946,189,7
001612834,1935,349,7
001612835,1935,534,9
001612836,1935,553,7
001612855,1935,622,4
001612856,1935,643,5
001612870,1939,499,7
001612871,1939,401,9
001612876,1946,623,2
001612877,1951,187,5
001612880,1945,572,1
001612881,1945,575,7
001612895,1952,99,5
001612897,1903,283,2
001612898,1948,231,8
001613101,1946,557,7
001613102,1948,109,7
001613107,1938,489,1
001614012,1944,625,4
001614044,1939,390,9
001614045,1939,394,7
001614046,1939,296,1
001614047,1943,638,9
001614048,1938,318,7
001614049,1938,441,7
001614050,1938,11,1
001614051,1938,72,7
001614084,1936,639,7
001614085,1936,615,7
001614096,1939,299,7
001614307,1924,277,1
001614313,1945,7,9
001614360,1943,593,9
001614362,1936,192,7
001614363,1936,277,7
001614371,1936,116,1
001614430,1936,65,7
001614433,1936,137,7
001614434,1936,111,5
001614566,1936,544,7
001614567,1936,174,7
001614623,1936,573,9
001614624,1936,569,7
001614629,1929,382,9
001615275,1942,484,9
001615280,1949,138,3
001615465,1949,547,11
001615466,1949,660,5
001615467,1943,416,9
001615519,1945,43,5
001615520,1945,82,4
001615522,1936,277,7
001615523,1938,279,7
001615524,1936,279,1
001615526,1936,439,7
001615527,1936,355,9
001615528,1936,355,9
001615531,1919,341,1
001615601,1919,347,1
001615602,1933,614,7
001615603,1928,552,9
001615689,1945,586,5
001615706,1950,135,2
001615784,1950,298,2
001615785,1951,349,3
001615792,1950,42,7
001615793,1950,324,2
001615842,1942,56,9
001615843,1942,97,9
001615844,1942,93,9
001615845,1942,188,9
001615847,1943,588,14
001615895,1941,243,11
001615896,1941,182,9
001615897,1941,167,12
001615898,1941,115,9
001615899,1941,104,7
001615900,1941,100,9
001615902,1941,87,9
001616308,1948,23,4
001616687,1945,536,10
001616725,1950,182,2
001616730,1946,48,7
001616732,1946,449,7
001616927,1946,31,7
001616928,1939,496,7
001616929,1939,485,4
001617419,1948,370,7
001617421,1901,115,2
001617422,1935,109,3
001617423,1951,26,3
001617424,1951,32,4
001618097,1929,4,9
001618822,1945,507,4
001618823,1945,512,2
001618824,1945,512,2
001618825,1945,498,6
001618826,1945,506,7
001618827,1945,505,4
001618828,1945,501,4
001618829,1945,490,2
001618830,1945,490,2
001618831,1945,496,2
001618832,1945,490,4
001618833,1945,501,2
001618834,1945,484,2
001618835,1945,488,1
001618836,1945,485,7
001618837,1945,460,3
001618838,1945,452,4
001618839,1945,448,2
001618840,1945,448,2
001618841,1945,445,2
001618842,1945,443,2
001618843,1945,439,3
001618844,1945,437,2
001618845,1945,413,2
001618846,1945,434,2
001618847,1945,424,2
001618848,1945,417,2
001618849,1945,410,7
001618850,1945,402,2
001618851,1945,402,2
001618852,1945,401,7
001618853,1945,400,4
001618854,1945,391,4
001618855,1945,387,4
001618856,1945,383,2
001618857,1945,383,2
001618858,1945,380,2
001618859,1945,380,2
001618860,1945,378,2
001618861,1945,376,2
001618867,1945,635,2
001618868,1945,623,10
001618869,1945,622,2
001618870,1945,624,6
001618871,1945,625,2
001618872,1945,615,2
001618873,1945,612,6
001618874,1945,359,4
001618875,1945,376,4
001618876,1945,378,4
001618877,1945,380,4
001618878,1945,389,4
001618879,1945,393,4
001618880,1945,396,2
001618881,1945,398,4
001618882,1945,656,7
001618883,1945,633,2
001618884,1945,643,7
001618885,1945,3,NaN
001618886,1945,3,2
001618887,1945,3,2
001618888,1945,2,2
001618889,1945,2,2
001618890,1945,639,7
001618891,1945,638,2
001618892,1945,635,2
001618893,1945,633,2
001618894,1937,633,2
001618895,1945,631,2
001618896,1945,629,2
001618897,1945,629,2
001618898,1945,623,12
001618899,1945,613,2
001618900,1945,622,2
001618901,1945,618,2
001618902,1945,613,2
001618903,1945,612,6
001618904,1945,611,12
001618905,1945,611,11
001618906,1945,611,1
001618907,1945,610,2
001618908,1945,604,2
001618925,1945,541,7
001618926,1945,569,2
001618927,1945,567,4
001618928,1945,587,2
001618929,1945,607,7
001618930,1945,651,2
001618931,1945,411,4
001618932,1945,413,4
001618933,1945,417,4
001618934,1945,374,4
001618935,1945,422,2
001618936,1945,441,4
001618937,1945,454,4
001618938,1945,461,2
001618939,1945,503,4
001618940,1945,44,4
001618941,1945,416,7
001618942,1945,611,4
001618943,1945,499,2
001618944,1945,496,2
001618945,1945,498,2
001618946,1945,498,5
001618947,1945,511,7
001618948,1945,512,2
001618949,1945,512,2
001618950,1945,518,2
001618951,1945,525,2
001618952,1945,492,2
001618953,1945,415,4
001618954,1945,426,4
001618955,1945,411,2
001618956,1945,404,2
001618957,1945,402,4
001618958,1945,638,2
001618959,1945,606,4
001618960,1945,605,7
001618961,1943,604,2
001618962,1945,593,4
001618963,1945,480,2
001618964,1945,565,2
001618980,1945,445,2
001618981,1945,598,10
001618982,1945,597,6
001618983,1945,595,2
001618984,1945,597,2
001618985,1945,587,2
001618986,1945,595,2
001618987,1945,589,2
001618988,1945,587,2
001618989,1945,582,2
001618990,1945,580,2
001618991,1945,582,2
001618992,1945,578,2
001618993,1945,575,2
001618994,1945,574,2
001618995,1945,569,2
001618996,1945,563,4
001618997,1945,561,2
001618998,1945,558,2
001618999,1945,558,2
001619000,1945,558,2
001619001,1945,556,2
001619002,1945,554,6
001619003,1945,55,2
001619004,1945,547,5
001619005,1945,552,4
001619006,1945,550,4
001619007,1945,547,7
001619008,1945,546,2
001619009,1945,544,2
001619010,1945,543,8
001619011,1945,542,2
001619012,1945,542,2
001619013,1945,538,2
001619014,1945,533,4
001619015,1945,531,4
001619016,1945,533,2
001619017,1945,529,2
001619018,1945,525,2
001619019,1945,518,2
001619020,1945,522,2
001619021,1945,372,4
001619022,1945,372,2
001619023,1945,370,2
001619024,1945,365,4
001619025,1945,365,2
001619026,1945,363,4
001619027,1945,363,2
001619028,1945,361,2
001619029,1945,361,2
001619030,1945,357,2
001619031,1945,359,2
001619032,1945,359,2
001619033,1945,354,4
001619034,1945,350,2
001619035,1945,346,4
001619036,1945,323,7
001619037,1945,322,2
001619038,1945,322,2
001619039,1945,322,2
001619040,1945,319,2
001619041,1945,319,2
001619042,1943,317,4
001619043,1945,317,2
001619044,1945,317,2
001619045,1945,316,5
001619046,1945,315,4
001619047,1945,315,2
001619048,1945,352,4
001619049,1945,439,4
001619050,1945,528,7
001619051,1945,484,4
001619052,1945,458,4
001619053,1945,458,4
001619054,1945,649,2
001619055,1945,636,10
001619056,1945,627,4
001619057,1945,543,7
001619058,1945,467,4
001619059,1945,558,2
001619082,1945,142,7
001619087,1945,556,2
001619088,1945,55,4
001619089,1945,346,4
001619090,1945,348,4
001619091,1945,6,2
001619092,1945,655,2
001619093,1945,638,2
001619094,1945,600,2
001619095,1945,599,6
001619096,1945,318,7
001619576,1947,139,6
001619657,1952,339,3
001619658,1952,191,2
001619659,1952,178,4
001619660,1952,158,2
001619661,1944,155,4
001619662,1952,85,4
001619663,1952,18,4
001619664,1952,74,4
001619665,1952,116,3
001619666,1952,120,3
001619667,1952,137,4
001619668,1944,192,4
001619669,1952,249,3
001619670,1952,296,2
001619678,1943,101,5
001619697,1952,14,4
001619698,1952,320,2
001619699,1952,28,4
001619705,1944,404,4
001619709,1946,70,7
001619713,1933,443,7
001619714,1938,457,3
001619727,1909,71,1
001619728,1909,110,2
001619731,1936,375,7
001619732,1936,484,9
001619772,1953,22,2
001619773,1953,34,3
001619774,1953,36,4
001619775,1953,80,2
001619795,1943,615,5
001619796,1941,367,7
001619797,1941,281,10
001619798,1941,246,10
001619799,1941,224,9
001619800,1941,200,9
001619801,1941,111,9
001619802,1941,559,9
001619803,1941,536,9
001619804,1933,505,11
001619805,1941,501,7
001619806,1941,497,9
001619807,1943,617,9
001619808,1943,628,5
001619809,1944,6,6
001619810,1944,102,9
001619811,1934,317,7
001619812,1941,384,7
001620300,1941,130,2
001620301,1941,130,1
001620302,1941,131,2
001620303,1941,180,9
001621717,1936,606,2
001621719,1902,225,2
001621720,1915,58,4
001621725,1939,274,5
001621726,1903,173,6
001621727,1939,23,3
001621728,1935,585,9
001621729,1935,470,17
001621730,1945,112,9
001621731,1945,116,1
001621732,1945,125,9
001621733,1945,155,13
001621734,1941,480,9
001621736,1943,450,9
001621737,1943,588,9
001621804,1936,39,7
001621966,1940,239,7
001622071,1940,207,9
001623475,1938,606,8
001623477,1941,174,9
001623482,1947,39,9
001623496,1919,29,2
001623498,1951,189,5
001623499,1919,281,2
001623615,1949,324,3
001623616,1949,552,7
001623622,1947,143,9
001623626,1950,222,2
001623641,1941,256,1
001623645,1947,207,7
001623646,1902,238,1
001623652,1944,68,3
001623653,1947,616,4
001623654,1947,614,4
001623655,1947,603,6
001623656,1947,564,5
001624114,1947,651,4
001624115,1947,218,3
001624116,1947,254,3
001624117,1947,282,7
001624118,1947,551,7
001624121,1950,340,4
001624122,1938,83,9
001624123,1902,32,2
001624124,1945,167,1
001624125,1945,228,7
001624126,1945,232,6
001624146,1935,442,7
001624326,1950,433,4
001624337,1938,191,1
001624339,1939,440,9
001624340,1948,493,1
001624342,1936,126,7
001624344,1919,259,1
001626683,1936,449,1
001626684,1936,367,1
001626690,1938,298,1
001626698,1935,636,17
001626701,1939,581,9
001626703,1943,297,7
001626704,1944,523,10
001626721,1948,599,5
001626722,1935,639,10
001626723,1942,203,9
001626727,1947,296,5
001626728,1902,173,1
001626729,1947,394,5
001626731,1947,458,5
001626732,1947,526,7
001626735,1938,144,7
001626736,1941,211,11
001627093,1901,188,2
001627094,1946,65,9
001627095,1938,481,1
001627096,1939,211,10
001627097,1938,174,9
001627101,1939,441,2
001627102,1939,645,1
001627104,1917,191,1
001627187,1919,12,1
001627188,1938,103,7
001627189,1938,94,9
001627190,1945,294,10
001627191,1945,281,9
001627193,1947,466,10
001627202,1935,658,15
001627203,1945,271,7
001627204,1939,218,7
001627260,1926,162,1
001627261,1943,23,5
001627301,1946,159,7
001627303,1944,596,3
001627304,1944,593,7
001627305,1944,644,9
001627314,1945,584,2
001627359,1945,641,5
001627361,1945,598,10
001627384,1934,201,7
001627385,1934,196,9
001627503,1946,313,7
001627504,1943,74,9
001627505,1943,198,9
001627506,1943,204,7
001628129,1943,215,7
001628130,1943,318,5
001628131,1943,339,7
001628132,1943,343,5
001628133,1943,345,3
001628134,1943,350,5
001628135,1943,363,9
001628136,1943,363,7
001628137,1943,367,7
001628138,1943,367,9
001628139,1943,368,2
001628140,1943,373,7
001628141,1943,386,7
001628142,1943,404,7
001628143,1902,132,2
001628144,1945,110,9
001628145,1945,180,2
001628146,1945,186,5
001628147,1945,190,9
001628148,1945,201,5
001628149,1945,231,2
001628151,1943,498,9
001628152,1941,549,1
001628153,1941,644,12
001628154,1941,44,9
001628155,1944,627,9
001628156,1944,625,6
001628157,1944,63,186
001628158,1944,620,9
001628159,1944,615,9
001628160,1944,612,7
001628161,1947,639,1
001628162,1945,555,7
001628163,1945,330,7
001628164,1945,241,7
001628166,1938,304,7
001628316,1938,196,5
001628317,1938,263,7
001628326,1936,171,2
001628328,1936,64,3
001628661,1941,297,9
001628669,1940,443,8
001628671,1936,439,7
001628749,1944,600,4
001628752,1928,110,9
001628757,1941,126,9
001628758,1938,421,7
001628770,1948,472,7
001628771,1948,476,7
001628776,1938,495,5
001628779,1934,302,7
001628780,1934,412,7
001628781,1943,209,7
001628782,1937,263,10
001628786,1950,606,3
001628788,1948,249,4
001628789,1938,511,2
001628790,1948,154,7
001628793,1943,181,7
001628795,1946,63,4
001628807,1944,647,5
001628823,1938,122,9
001628824,1938,224,9
001628825,1943,614,9
001628826,1951,228,4
001628837,1939,379,9
001628879,1948,40,7
001628882,1947,436,7
001628885,1944,515,9
001628886,1943,155,9
001628889,1947,194,3
001628890,1947,394,7
001628891,1902,266,3
001628895,1952,126,3
001628902,1945,310,7
001629006,1943,488,3
001629007,1943,486,4
001629008,1943,453,7
001629009,1943,452,2
001629010,1943,493,1
001629011,1943,539,7
001629012,1943,598,3
001629013,1943,526,7
001629014,1943,578,7
001629017,1936,154,7
001629018,1936,122,5
001629031,1938,417,7
001629076,1936,118,2
001629077,1936,555,5
001629078,1936,172,7
001629079,1936,165,5
001629080,1936,610,7
001629081,1936,588,2
001629082,1936,587,3
001629083,1936,157,2
001629084,1936,637,2
001629085,1936,634,5
001629097,1943,620,2
001629098,1936,163,5
001629099,1936,652,5
001629100,1936,628,5
001629101,1936,560,7
001629102,1943,616,3
001629103,1943,600,3
001629105,1943,569,5
001629106,1943,453,7
001629107,1943,562,7
001629108,1935,550,1
001629110,1936,347,7
001629111,1936,343,2
001629112,1936,261,5
001629113,1936,220,7
001629114,1936,544,5
001629115,1936,538,4
001629116,1936,530,2
001629117,1936,459,2
001629118,1936,446,3
001629119,1936,374,2
001629120,1936,349,7
001629130,1940,177,9
001629189,1936,65,3
001629190,1938,549,9
001629207,1946,477,7
001629242,1951,58,3
001629243,1940,105,9
001629251,1947,150,7
001629288,1951,349,3
001629295,1947,303,4
001629299,1944,221,10
001629321,1942,301,9
001629322,1942,119,9
001629323,1942,86,9
001629324,1942,65,9
001629325,1942,75,1
001629326,1942,78,9
001629327,1942,75,9
001629329,1942,331,9
001629332,1946,288,7
001629333,1935,656,7
001629352,1946,288,7
001629357,1939,318,9
001629358,1901,194,2
001629359,1946,508,9
001629360,1946,126,5
001629361,1946,40,6
001629362,1901,16,2
001629363,1939,509,9
001629364,1939,623,9
001629365,1901,13,2
001629366,1946,8,7
001629369,1903,68,3
001629371,1946,154,9
001629398,1947,549,7
001629399,1947,502,7
001629400,1947,492,4
001629401,1947,417,7
001629402,1947,632,5
001629533,1936,313,7
001629591,1940,646,9
001629600,1947,316,4
001629601,1947,573,7
001629602,1937,123,1
001629605,1945,281,9
001629606,1945,264,2
001629607,1945,253,4
001629608,1945,81,11
001629609,1945,79,7
001629610,1943,266,6
001629657,1948,534,9
001629706,1945,534,9
001629707,1948,35,9
001629708,1939,243,7
001629724,1943,150,9
001629725,1945,112,9
001629728,1943,48,9
001629729,1943,120,11
001629730,1943,129,9
001629731,1943,131,9
001629732,1943,155,9
001629752,1938,346,7
001629753,1918,211,1
001629758,1918,182,3
001629759,1918,26,1
001629778,1933,64,7
001629841,1941,318,9
001629974,1941,143,9
001629975,1941,547,9
001629994,1947,14,4
001630017,1947,218,3
001630018,1924,152,7
001630058,1947,558,7
001630068,1928,226,10
001630093,1943,640,9
001630095,1941,615,10
001630103,1944,195,7
001630104,1944,35,9
001630113,1924,54,1
001630114,1924,149,NaN
001630115,1924,110,1
001630116,1924,10,5
001630129,1950,49,7
001630130,1947,466,9
001630131,1947,535,7
001630133,1947,524,7
001630134,1936,215,1
001630161,1939,516,1
001630164,1939,325,2
001630186,1946,258,3
001630196,1936,281,1
001630198,1943,135,7
001630204,1942,603,5
001630205,1942,619,1
001630206,1942,620,1
001630207,1942,618,5
001630209,1942,599,5
001630210,1935,144,7
001630211,1943,12,3
001630228,1927,301,5
001630230,1935,260,2
001630231,1935,249,2
001630232,1935,249,5
001630233,1935,251,1
001630242,1945,260,2
001630243,1945,265,2
001630244,1945,269,2
001630245,1945,299,5
001630246,1945,231,2
001630247,1945,232,9
001630248,1945,236,2
001630249,1945,239,5
001630250,1945,242,4
001630251,1945,245,1
001630252,1945,245,7
001630253,1947,248,5
001630254,1929,328,8
001630255,1945,268,2
001630256,1938,131,2
001630257,1936,586,5
001630258,1936,560,9
001630275,1938,133,7
001630309,1935,636,17
001630339,1928,563,6
001630368,1939,9,2
001630369,1941,154,4
001630371,1936,32,7
001630376,1901,52,2
001630387,1936,573,9
001630396,1901,156,3
001630407,1918,194,1
001630410,1902,104,4
001630411,1947,204,10
001630412,1946,624,4
001630417,1945,205,7
001630418,1945,220,7
001630424,1945,126,2
001630425,1943,416,12
001630433,1935,605,9
001630435,1943,152,6
001630436,1943,290,2
001630437,1946,131,5
001630439,1938,218,1
001630446,1891,263,1
001630457,1938,646,7
001630458,1938,573,5
001630459,1938,589,2
001630503,1943,509,12
001630505,1947,517,2
001630528,1926,69,3
001630542,1936,540,1
001630563,1946,460,4
001630585,1927,80,3
001630586,1927,102,5
001630587,1927,299,2
001630591,1926,275,2
001630604,1926,101,1
001630605,1926,267,3
001630635,1946,508,3
001630695,1945,289,4
001630696,1934,347,7
001630717,1944,574,5
001630723,1948,649,7
001630724,1901,47,2
001630725,1946,31,7
001630726,1939,529,7
001630732,1943,341,9
001630733,1943,324,9
001630735,1918,73,1
001630736,1918,353,83
001630737,1918,353,105
001630743,1936,331,18
001630757,1935,603,7
001630759,1938,109,9
001630760,1943,514,5
001630761,1947,316,3
001630772,1937,614,2
001630773,1937,615,9
001630796,1941,200,9
001630817,1935,530,7
001630820,1951,208,4
001630835,1947,246,7
001630836,1947,226,5
001630838,1945,32,11
001630840,1936,345,7
001630841,1943,608,1
001630842,1945,19,7
001630848,1945,75,9
001630849,1945,133,9
001630850,1949,72,10
001630851,1945,95,4
001630852,1936,521,2
001630856,1945,510,5
001630862,1936,407,7
001630870,1941,644,12
001630878,1937,226,9
001630894,1919,243,1
001630897,1943,468,9
001630898,1941,602,9
001630902,1935,547,10
001630904,1947,253,9
001630905,1947,639,7
001630906,1944,519,9
001630911,1946,265,7
001630940,1943,518,9
001630945,1938,211,9
001630973,1939,357,9
001630975,1943,257,9
001630976,1943,514,6
001630980,1938,261,9
001630982,1936,76,7
001630984,1936,205,9
001630985,1936,205,7
001630991,1947,113,7
001631010,1919,41,1
001631011,1936,288,7
001631015,1936,531,7
001631017,1938,6,1
001631018,1938,18,1
001631019,1938,19,4
001631020,1938,96,2
001631021,1938,116,7
001631022,1938,299,9
001631025,1938,593,1
001631032,1939,570,1
001631033,1939,533,9
001631034,1939,455,1
001631035,1939,501,1
001631090,1943,570,3
001631095,1946,107,4
001631103,1933,308,9
001631105,1944,484,9
001631107,1946,543,9
001631114,1944,391,9
001631119,1938,203,3
001631120,1947,434,7
001631122,1901,144,2
001631123,1935,547,10
001631125,1936,40,1
001631126,1936,53,1
001631127,1936,61,2
001631128,1936,61,5
001631129,1935,611,3
001631132,1939,605,9
001631133,1935,636,9
001631134,1919,18,2
001631135,1945,142,9
001631137,1902,104,3
001631138,1938,105,7
001631139,1938,346,7
001631140,1938,212,2
001631143,1936,66,1
001631144,1936,113,2
001631146,1935,13,2
001631147,1935,614,3
001631148,1935,647,12
001631152,1938,94,9
001631153,1938,120,10
001631154,1938,120,15
001631155,1938,120,15
001631160,1947,372,7
001631161,1947,357,7
001631162,1935,352,1
001631167,1939,628,9
001631168,1948,224,9
001631172,1935,156,9
001631173,1943,343,9
001631192,1944,243,9
001631193,1944,285,9
001631194,1938,166,7
001631195,1938,135,7
001631199,1947,332,9
001631202,1947,462,7
001631203,1902,140,3
001631204,1947,315,9
001631219,1939,382,2
001631220,1939,420,10
001631221,1939,459,9
001631222,1939,447,3
001631224,1935,355,7
001631225,1935,457,7
001631226,1947,92,4
001631227,1947,27,4
001631228,1945,79,9
001631229,1945,75,9
001631230,1945,75,9
001631231,1945,145,4
001631232,1945,75,9
001631233,1945,74,3
001631234,1945,335,2
001631248,1945,372,4
001631250,1934,139,7
001631251,1934,134,9
001631252,1934,53,7
001631253,1949,478,7
001631254,1937,641,17
001631255,1937,202,19
001631256,1937,176,10
001631257,1937,170,7
001631258,1937,114,9
001631298,1942,342,9
001631299,1942,546,7
001631300,1942,569,5
001631301,1942,556,5
001631302,1942,646,6
001631303,1939,557,9
001631304,1948,191,7
001631312,1942,82,9
001631318,1942,41,9
001631319,1942,482,9
001631327,1901,72,2
001631336,1903,9,2
001631337,1948,215,4
001631338,1903,34,3
001631348,1929,290,7
001631408,1947,167,7
001631410,1937,479,9
001631415,1944,48,9
001631417,1947,335,7
001631418,1938,556,9
001631429,1927,225,7
001631461,1924,289,4
001631525,1924,239,3
001631526,1947,410,7
001631527,1947,610,5
001631528,1947,610,7
001631529,1947,612,5
001631530,1947,612,5
001631531,1947,614,5
001631532,1902,277,2
001631533,1902,277,2
001631534,1947,645,4
001631535,1947,633,5
001631536,1947,637,4
001631537,1947,639,3
001631538,1947,641,2
001631539,1947,620,5
001631540,1947,628,5
001631541,1947,630,5
001631542,1947,616,5
001631543,1947,553,7
001631544,1947,579,4
001631545,1902,264,2
001631546,1902,38,3
001631547,1945,237,3
001631551,1947,595,3
001631552,1947,601,4
001631553,1947,603,5
001631554,1947,603,7
001631555,1902,272,2
001631556,1947,607,1
001631557,1947,607,2
001631558,1947,607,7
001631559,1947,607,7
001631560,1947,607,195
001631561,1947,608,2
001631562,1902,274,2
001631572,1941,322,9
001631574,1938,516,9
001631575,1938,497,7
001631576,1938,529,9
001631579,1947,242,4
001631580,1936,645,7
001631590,1939,338,9
001631592,1946,586,3
001631595,1947,109,7
001631608,1936,345,7
001631609,1936,231,9
001631610,1936,331,9
001631623,1939,60,9
001631627,1946,118,5
001631630,1945,548,5
001631634,1933,469,7
001631635,1928,228,6
001631636,1928,309,9
001631637,1918,53,5
001631638,1909,181,2
001631657,1945,368,9
001631669,1945,392,7
001631680,1950,261,2
001631682,1950,261,2
001631702,1950,248,2
001631703,1950,248,2
001631710,1941,390,9
001631711,1941,59,9
001631712,1941,113,9
001631713,1941,163,9
001631732,1944,363,9
001631733,1944,561,4
001631734,1944,348,7
001631735,1944,121,10
001631736,1944,98,5
001631737,1944,150,5
001631738,1944,132,9
001631739,1944,460,9
001631748,1938,55,9
001631749,1938,288,7
001631750,1938,284,7
001631769,1936,37,9
001631770,1938,58,4
001631772,1947,464,7
001631773,1947,430,7
001631774,1947,241,9
001631777,1942,379,7
001631778,1942,342,9
001631779,1942,149,7
001631786,1942,372,7
001631788,1948,109,7
001631789,1948,163,4
001631790,1939,412,7
001631791,1948,314,3
001631792,1939,44,9
001631793,1939,92,9
001631802,1941,1,68
001631805,1942,655,6
001631808,1946,603,7
001631819,1943,291,5
001631820,1943,153,5
001631821,1943,135,9
001631822,1934,650,7
001631823,1949,138,3
001631824,1937,641,9
001631825,1937,486,10
001631826,1937,253,9
001631830,1941,26,7
001631841,1945,250,7
001631842,1945,81,11
001631855,1939,455,9
001631856,1939,451,9
001631857,1939,450,5
001631858,1939,607,5
001631864,1943,571,7
001631865,1943,565,9
001631866,1943,562,7
001631867,1943,560,7
001631868,1935,362,7
001631869,1943,288,7
001631870,1943,290,7
001631871,1943,299,7
001631872,1943,311,12
001631876,1947,18,7
001631878,1945,28,2
001631879,1945,32,11
001631880,1945,68,2
001631881,1945,79,9
001631882,1945,94,3
001631883,1945,180,4
001631884,1945,272,2
001631896,1937,538,1
001631903,1938,586,2
001631905,1938,161,9
001631906,1947,196,7
001631907,1938,168,1
001631908,1938,240,9
001631909,1938,498,3
001631910,1938,637,10
001631911,1938,624,9
001631915,1943,242,7
001631916,1936,527,6
001631923,1941,474,9
001631924,1941,148,4
001631930,1919,159,2
001631931,1919,32,3
001631932,1918,60,1
001631933,1918,171,5
001631935,1909,200,2
001631951,1919,82,3
001631958,1946,493,6
001631962,1936,525,5
001631967,1936,645,12
001631968,1936,612,7
001631969,1936,610,7
001631970,1936,600,1
001631971,1936,574,1
001631973,1947,29,7
001631977,1947,333,7
001632018,1936,133,5
001632041,1936,512,5
001632042,1936,214,7
001632043,1936,230,6
001632044,1936,274,1
001632046,1936,281,11
001632050,1918,190,1
001632074,1919,135,2
001632075,1917,54,2
001632076,1917,316,1
001632077,1917,322,5
001632078,1919,20,3
001632079,1918,62,5
001632080,1918,161,5
001632081,1918,351,3
001632082,1918,288,2
001632083,1909,186,3
001632084,1909,177,4
001632085,1909,162,5
001632086,1909,127,10
001632094,1945,364,5
001632144,1924,226,3
001632145,1924,225,3
001632146,1924,170,4
001632147,1924,169,4
001632148,1924,57,4
001632149,1924,56,4
001632150,1924,28,4
001632152,1941,337,2
001632153,1941,559,7
001632154,1941,152,7
001632155,1941,168,10
001632156,1941,218,1
001632181,1944,93,7
001632182,1944,136,7
001632183,1944,91,7
001632184,1944,56,5
001632185,1944,12,2
001632186,1944,426,9
001632207,1944,413,3
001632208,1944,417,4
001632209,1944,408,9
001632210,1944,602,2
001632211,1944,635,7
001632216,1945,195,2
001632217,1945,312,4
001632218,1945,177,7
001632219,1945,142,3
001632220,1945,141,2
001632221,1945,133,7
001632222,1945,90,9
001632223,1945,89,2
001632224,1945,75,7
001632225,1945,7,9
001632226,1945,73,4
001632227,1945,49,6
001632228,1947,117,5
001632229,1947,39,2
001632230,1902,25,3
001632231,1902,35,2
001632234,1943,185,7
001632235,1943,183,7
001632236,1943,64,7
001632237,1943,38,7
001632239,1929,614,7
001632242,1938,569,7
001632244,1938,512,9
001632245,1938,637,3
001632246,1938,627,1
001632247,1938,625,1
001632283,1938,34,3
001632289,1935,567,1
001632297,1946,13,6
001632302,1935,643,5
001632306,1938,133,5
001632307,1919,289,1
001632390,1943,46,4
001632399,1935,623,1
001632401,1935,246,18
001632402,1909,15,7
001632403,1943,477,6
001632423,1938,597,9
001632428,1938,448,2
001632429,1938,220,3
001632431,1947,262,7
001632439,1943,567,9
001632440,1943,609,3
001632445,1939,616,2
001632465,1901,286,2
001632466,1946,585,6
001632467,1948,201,9
001632468,1939,513,2
001632469,1939,16,9
001632470,1939,368,9
001632471,1939,96,1
001632472,1939,264,1
001632473,1939,277,3
001632506,1935,378,1
001632507,1935,625,1
001632508,1935,606,1
001632509,1935,518,1
001632510,1935,343,1
001632511,1935,646,1
001632523,1945,209,6
001632534,1919,107,3
001632568,1950,198,2
001632569,1947,569,4
001632570,1947,414,5
001632573,1943,35,7
001632574,1945,34,1
001632599,1941,438,2
001632602,1945,171,5
001632603,1945,29,7
001632604,1945,72,2
001632605,1947,37,7
001632606,1902,31,3
001632614,1945,290,7
001632632,1943,284,7
001632633,1944,600,3
001632634,1944,598,5
001632638,1938,226,1
001632639,1938,44,7
001632640,1938,23,9
001632641,1947,294,7
001632642,1947,417,3
001632643,1947,607,3
001632644,1947,582,3
001632645,1947,570,3
001632646,1947,569,3
001632647,1947,558,7
001632648,1947,226,7
001632649,1947,544,4
001632650,1902,241,5
001632651,1947,531,4
001632652,1947,518,3
001632653,1947,438,7
001632657,1941,565,10
001632659,1947,458,5
001632660,1947,462,7
001632661,1947,630,2
001632662,1947,637,3
001632663,1947,620,4
001632664,1947,639,3
001632674,1938,653,7
001632681,1935,550,5
001632682,1939,325,9
001632690,1941,226,4
001632695,1935,519,7
001632696,1909,68,5
001632697,1951,20,4
001632698,1909,28,5
001632699,1909,11,3
001632703,1945,511,5
001632711,1950,177,1
001632760,1921,295,2
001632788,1944,82,9
001632797,1938,64,7
001632802,1944,647,4
001632803,1944,653,9
001632804,1946,135,7
001632805,1946,521,9
001632818,1939,641,7
001632819,1938,94,9
001632827,1919,39,1
001632832,1947,599,1
001632833,1948,457,3
001632834,1948,470,3
001632835,1948,483,3
001632836,1948,496,3
001632837,1948,509,3
001632838,1948,522,4
001632839,1948,535,3
001632840,1948,548,3
001632841,1948,561,3
001632842,1948,600,3
001632843,1948,613,3
001632844,1903,127,3
001632845,1903,33,3
001632846,1942,383,7
001632857,1944,624,1
001632858,1944,649,9
001632859,1946,152,7
001632909,1938,70,13
001632912,1918,249,3
001632913,1944,4,613
001632915,1939,455,7
001632917,1943,31,7
001632935,1947,507,7
001632936,1947,462,7
001632937,1950,68,7
001632940,1944,8,5
001632952,1939,472,9
001632953,1948,246,7
001632954,1943,313,9
001632976,1901,37,2
001632978,1948,437,7
001632979,1939,603,7
001632980,1901,97,2
001632993,1943,177,2
001633019,1901,124,2
001633031,1941,587,9
001633039,1936,626,8
001633045,1948,389,7
001633046,1946,590,5
001633056,1938,500,1
001633057,1938,503,2
001633072,1917,255,1
001633113,1935,497,3
001633114,1946,230,6
001633118,1918,226,5
001633121,1919,351,6
001633127,1941,139,7
001633138,1938,241,2
001633139,1943,157,12
001633142,1945,73,7
001633154,1938,54,2
001633155,1947,414,9
001633183,1938,467,9
001633185,1944,161,2
001633190,1938,92,9
001633191,1938,311,1
001633192,1938,209,7
001633194,1936,606,7
001633195,1936,576,1
001633196,1947,323,5
001633197,1944,126,1
001633212,1909,207,1
001633213,1909,301,1
001633240,1919,46,3
001633241,1928,483,9
001633242,1918,89,5
001633243,1918,137,5
001633244,1918,207,1
001633258,1941,29,9
001633298,1909,69,5
001633299,1909,129,7
001633304,1928,237,9
001633306,1919,130,1
001633310,1948,46,7
001633341,1935,539,7
001633342,1935,497,9
001633343,1935,225,7
001633344,1935,89,10
001633346,1929,396,1
001633349,1947,76,7
001633350,1947,59,7
001633352,1944,270,9
001633405,1946,61,7
001633413,1936,548,67
001633414,1946,87,5
001633426,1948,628,1
001633436,1947,462,7
001633446,1935,144,1
001633473,1919,226,1
001633479,1941,235,9
001633492,1938,57,11
001633493,1947,249,7
001633494,1938,96,7
001633497,1947,456,7
001633499,1947,517,4
001633540,1939,107,7
001633547,1902,285,2
001633548,1947,637,4
001633549,1947,633,3
001633550,1947,337,7
001633551,1947,303,3
001633552,1947,302,9
001633553,1947,368,7
001633554,1947,381,7
001633555,1947,592,7
001633556,1944,590,2
001633557,1944,651,7
001633558,1944,638,4
001633621,1945,118,9
001633629,1938,311,7
001633630,1944,489,9
001633631,1938,155,7
001633632,1935,143,9
001633633,1935,148,7
001633634,1946,277,7
001633635,1901,140,2
001633636,1935,146,13
001633637,1935,146,7
001633638,1935,451,7
001633640,1935,630,7
001633641,1935,559,13
001633642,1935,628,8
001633643,1935,1,9
001633654,1919,324,11
001633694,1918,353,39
001633695,1928,480,9
001633696,1919,1,11
001633702,1938,366,7
001633709,1947,460,7
001633732,1941,202,9
001633775,1936,647,9
001633778,1936,652,7
001633787,1941,154,9
001633789,1952,278,4
001633843,1935,659,4
001633845,1935,646,1
001633866,1936,284,7
001633878,1947,484,7
001633879,1943,179,6
001633880,1938,586,9
001633918,1936,553,7
001633931,1944,237,6
001633935,1949,412,2
001633955,1951,224,5
001633956,1951,179,4
001633977,1936,231,9
001633982,1948,491,7
001633983,1939,617,9
001633991,1935,566,7
001633999,1943,216,5
001634032,1937,153,13
001634037,1942,410,9
001634039,1948,415,7
001634041,1948,145,7
001634042,1929,239,9
001634043,1929,184,9
001634044,1929,502,7
001634128,1949,422,7
001634160,1943,586,9
001634207,1943,600,1
001634208,1943,341,9
001634209,1943,261,9
001634211,1948,182,7
001634212,1948,87,9
001634214,1936,133,7
001634223,1950,600,4
001634227,1945,143,2
001634241,1942,135,3
001634274,1939,412,1
001634329,1950,490,4
001634349,1943,150,5
001634350,1941,126,9
001634371,1948,9,5
001634374,1946,137,7
001634706,1933,45,2
001634707,1928,373,6
001635585,1939,34,9
001635597,1943,554,9
001635603,1919,318,2
001635629,1917,303,1
001635636,1917,343,1
001638824,1948,189,4
001638825,1939,546,9
001638827,1939,465,2
001638845,1935,459,7
001638846,1946,224,7
001638848,1949,157,7
001638849,1901,147,2
001638858,1949,131,7
001638871,1945,170,6
001638872,1945,256,3
001638873,1945,171,6
001638874,1945,170,5
001638875,1945,170,9
001638877,1949,118,7
001638878,1949,331,7
001638884,1943,202,13
001639114,1946,191,7
001639115,1901,110,2
001639122,1951,28,2
001639127,1917,125,4
001639171,1939,559,9
001639176,1943,133,9
001639177,1943,198,9
001639178,1935,523,9
001639179,1935,115,10
001639180,1946,140,2
001639202,1940,263,7
001639208,1948,220,5
001639209,1939,248,1
001639210,1939,194,7
001639211,1939,82,1
001639212,1939,336,9
001639213,1936,273,5
001639214,1936,493,3
001639215,1936,491,6
001639216,1928,6,6
001639217,1928,380,9
001639218,1917,336,1
001639219,1944,84,11
001639227,1947,128,7
001639228,1945,49,5
001639229,1943,617,9
001639230,1943,640,9
001639231,1943,599,9
001639232,1943,593,5
001639233,1949,7,9
001639234,1949,111,10
001639235,1949,213,9
001639236,1949,250,7
001639240,1949,255,4
001639241,1949,255,7
001639242,1943,211,7
001639243,1932,578,7
001639244,1949,521,10
001639245,1943,133,9
001639246,1934,270,9
001639247,1949,12,7
001639248,1934,94,9
001639249,1943,46,4
001639250,1948,543,5
001639251,1901,144,2
001639252,1901,265,2
001639253,1946,645,7
001639254,1901,295,2
001639255,1948,38,7
001639256,1948,40,5
001639257,1948,44,7
001639258,1948,70,7
001639259,1948,66,7
001639260,1948,79,4
001639261,1948,120,7
001639262,1946,410,7
001639263,1946,541,5
001639264,1946,118,3
001639265,1948,290,7
001639266,1948,235,7
001639267,1948,294,7
001639275,1944,597,9
001639302,1945,171,6
001639303,1945,282,6
001639304,1945,134,6
001639345,1938,25,7
001639368,1935,189,7
001639369,1946,220,5
001639373,1919,345,11
001639382,1938,288,7
001639416,1935,648,4
001639417,1935,658,10
001639422,1947,632,10
001640151,1918,242,1
001640157,1935,124,7
001640164,1943,100,1
001640189,1949,253,7
001640190,1948,20,7
001640213,1902,164,3
001640214,1935,485,9
001640215,1935,654,7
001640229,1935,168,1
001640366,1938,161,7
001640367,1938,85,9
001640375,1938,124,9
001640580,1943,213,7
001640636,1944,352,7
001640642,1944,430,7
001640643,1944,19,9
001640644,1944,91,9
001640645,1944,93,9
001641296,1946,632,7
001641375,1946,237,4
001641376,1946,222,7
001641377,1946,226,7
001641378,1946,583,7
001641381,1945,577,4
001641424,1935,603,7
001641504,1935,53,2
001641509,1938,257,7
001641510,1938,159,7
001641511,1938,51,7
001641566,1938,306,7
001641576,1950,510,1
001641577,1950,482,4
001641580,1941,602,9
001641581,1941,128,10
001641582,1941,264,9
001641583,1941,271,9
001641685,1941,113,9
001641687,1941,195,9
001641834,1935,31,5
001641847,1936,556,77
001641852,1939,96,10
001641903,1939,551,7
001641904,1938,525,7
001641912,1919,199,1
001642035,1919,335,1
001642036,1933,133,7
001642038,1939,518,7
001642042,1933,346,7
001642047,1941,23,2
001642061,1936,467,7
001642113,1930,4,7
001642157,1930,24,7
001642158,1930,33,7
001642159,1930,44,7
001642160,1930,55,7
001642161,1930,75,7
001642162,1930,75,7
001642163,1930,99,7
001642164,1930,82,7
001642165,1930,114,7
001642166,1930,114,7
001642167,1930,121,7
001642168,1930,127,7
001642169,1930,136,7
001642170,1930,142,7
001642171,1930,160,7
001642172,1930,162,7
001642173,1930,20,7
001642203,1930,166,7
001642204,1930,171,7
001642205,1930,184,7
001642206,1930,197,7
001642207,1930,201,7
001642208,1930,212,7
001642209,1930,225,7
001642210,1930,245,7
001642211,1930,263,7
001642212,1930,265,7
001642213,1930,265,7
001642214,1930,270,7
001642215,1930,274,7
001642216,1930,292,7
001642217,1930,304,7
001642218,1930,310,7
001642219,1930,326,7
001642220,1930,332,7
001642221,1930,343,7
001642222,1930,382,7
001642223,1930,390,7
001642224,1930,411,7
001642225,1930,413,7
001642226,1930,415,7
001642227,1930,471,7
001642228,1930,475,7
001642229,1930,486,7
001642230,1930,499,5
001642231,1930,512,7
001642232,1930,542,7
001642354,1930,428,7
001642355,1930,422,7
001642361,1930,101,7
001642362,1930,631,7
001642363,1930,618,9
001642364,1930,611,11
001642365,1930,602,7
001642366,1930,591,7
001642367,1930,585,7
001642368,1930,585,7
001642369,1930,554,7
001642370,1930,557,7
001642371,1930,542,7
001642372,1930,503,7
001642721,1930,510,7
001642819,1946,309,7
001642820,1946,634,5
001643039,1936,544,1
001643265,1901,157,2
001643266,1946,306,9
001643267,1946,156,9
001643268,1944,126,9
001643269,1944,354,2
001643270,1946,322,2
001643273,1941,273,9
001643274,1941,264,7
001643275,1941,268,3
001643276,1941,288,1
001643277,1941,206,9
001643383,1941,76,9
001643384,1941,334,7
001643385,1938,14,7
001643386,1938,333,7
001643392,1939,209,7
001643393,1939,370,6
001643394,1939,368,9
001643395,1946,354,5
001643396,1901,247,2
001643397,1946,286,5
001643404,1943,40,7
001643405,1937,346,1
001643406,1947,118,3
001643412,1941,295,1
001643537,1947,174,7
001643538,1947,14,5
001643539,1947,22,5
001643540,1947,29,5
001643541,1945,3,8
001643542,1945,38,12
001643543,1945,46,2
001643544,1945,54,8
001643545,1945,80,6
001643546,1945,119,6
001643547,1945,64,14
001643548,1945,65,2
001643549,1945,68,11
001643550,1945,128,2
001643551,1945,169,6
001643552,1945,155,12
001643656,1945,67,6
001643657,1945,178,2
001643658,1945,220,7
001643659,1945,241,5
001643660,1945,245,7
001643661,1945,252,4
001643662,1945,252,5
001643663,1945,255,2
001643664,1945,255,6
001643665,1945,267,6
001643670,1937,288,7
001643673,1945,280,6
001643674,1945,278,2
001643675,1945,277,11
001643676,1945,272,2
001643783,1945,293,7
001643784,1945,300,3
001643785,1945,326,5
001643786,1945,331,2
001643787,1945,331,6
001643788,1945,340,5
001643789,1951,29,4
001643801,1901,86,6
001643802,1901,80,6
001643803,1901,80,6
001643804,1946,143,6
001643805,1901,74,6
001643806,1901,74,6
001643807,1901,68,6
001643808,1946,241,4
001643815,1946,389,10
001643816,1946,350,4
001643817,1901,192,6
001643818,1946,402,5
001643819,1901,198,6
001643820,1901,202,2
001643821,1946,444,6
001643822,1901,215,6
001643883,1903,69,6
001643884,1901,443,6
001643885,1946,477,5
001643886,1901,44,6
001643887,1901,323,3
001643888,1903,137,6
001643889,1901,323,3
001643890,1901,244,6
001643891,1946,117,6
001643892,1901,50,6
001643893,1901,46,2
001643894,1946,32,6
001643895,1901,27,2
001643896,1939,557,7
001643897,1903,179,6
001643898,1903,176,2
001643899,1903,212,5
001643900,1903,209,6
001643901,1948,292,5
001643902,1903,173,6
001643973,1948,378,4
001643974,1946,265,4
001643975,1903,293,5
001643976,1903,275,6
001643977,1948,610,5
001643978,1903,299,8
001643979,1903,299,8
001643980,1948,141,5
001643981,1901,129,6
001643982,1946,302,10
001643983,1901,143,6
001643984,1946,564,8
001643985,1948,7,7
001643986,1948,14,5
001643987,1903,10,6
001643988,1948,272,5
001643989,1903,111,2
001643990,1901,302,6
001643991,1948,29,5
001643992,1903,24,2
001644083,1948,70,5
001644084,1903,26,2
001644085,1939,481,6
001644086,1939,455,9
001644087,1948,124,5
001644088,1948,113,7
001644089,1903,46,7
001644090,1903,42,2
001644091,1903,16,6
001644092,1903,40,6
001644093,1948,85,5
001644094,1939,468,12
001644095,1901,153,6
001644099,1939,518,12
001644100,1939,499,5
001644101,1939,505,12
001644102,1939,607,9
001644133,1939,643,14
001644134,1945,523,7
001644135,1945,523,7
001644136,1945,559,6
001644137,1945,557,5
001644138,1945,390,10
001644139,1945,509,6
001644140,1945,507,2
001644141,1945,485,7
001644142,1945,483,6
001644143,1945,481,12
001644144,1945,367,6
001644145,1945,354,6
001644146,1945,594,11
001644148,1945,571,6
001644394,1952,83,5
001644395,1951,135,5
001644396,1951,203,4
001644397,1951,248,6
001644398,1951,248,6
001644402,1951,160,4
001644404,1951,200,5
001644410,1950,108,6
001644411,1950,450,4
001644412,1950,349,6
001644413,1950,364,5
001644414,1950,472,3
001644415,1950,47,6
001644416,1950,450,8
001644417,1950,138,5
001644483,1951,164,6
001644507,1936,339,15
001644616,1936,457,3
001644617,1936,535,5
001644618,1936,330,6
001644620,1936,390,6
001644629,1945,622,6
001644630,1945,645,11
001644631,1945,642,1
001644632,1945,547,6
001644633,1945,643,5
001644634,1945,597,6
001644635,1945,607,11
001644796,1945,619,11
001644797,1945,610,6
001644799,1945,632,5
001644800,1945,433,6
001644802,1945,608,2
001644818,1941,440,5
001644819,1941,430,4
001644992,1941,242,12
001644993,1941,215,14
001644994,1941,206,9
001644995,1941,158,4
001644996,1941,90,10
001644997,1941,504,8
001644998,1941,491,8
001644999,1941,51,10
001645000,1941,463,12
001645003,1945,564,1
001645004,1945,212,5
001645169,1943,485,6
001645170,1943,535,12
001645171,1943,558,14
001645172,1943,542,7
001645173,1938,560,13
001645174,1938,648,8
001645175,1943,613,8
001645176,1938,602,4
001645177,1943,561,8
001645348,1936,569,11
001645351,1938,168,5
001645352,1938,236,4
001645353,1938,261,7
001645354,1938,79,7
001645355,1938,78,3
001645357,1936,621,13
001645358,1936,621,14
001645359,1936,544,11
001645360,1936,544,12
001645363,1947,427,5
001645364,1947,346,5
001645365,1902,146,6
001645366,1902,146,2
001645367,1947,323,5
001645368,1947,320,3
001645369,1947,302,4
001645370,1947,363,1
001645371,1902,174,6
001645433,1902,135,6
001645434,1947,389,4
001645435,1947,400,4
001645436,1947,209,5
001645437,1947,412,7
001645438,1902,185,6
001645439,1902,267,6
001645440,1947,388,6
001645441,1947,355,5
001645442,1947,607,2
001645443,1902,273,6
001645444,1947,605,5
001645445,1947,267,6
001645446,1947,579,5
001645447,1947,577,5
001645448,1947,577,5
001645449,1947,577,5
001645450,1947,570,5
001645451,1947,569,3
001645452,1947,568,1
001645453,1902,102,2
001645454,1902,249,6
001645455,1947,237,5
001645456,1947,541,5
001645457,1947,239,5
001645458,1902,110,2
001645459,1902,119,2
001645460,1902,119,6
001645461,1947,284,7
001645462,1947,550,2
001645463,1947,289,5
001645464,1947,549,5
001645465,1902,238,6
001645466,1947,517,7
001645467,1947,294,5
001645468,1947,530,7
001645469,1947,530,8
001645470,1947,511,4
001645471,1947,417,5
001645472,1947,417,7
001645593,1947,511,5
001645594,1947,511,5
001645595,1947,507,5
001645596,1902,220,6
001645597,1902,197,6
001645598,1947,486,9
001645599,1902,203,6
001645600,1947,494,5
001645601,1947,535,5
001645602,1902,197,6
001645603,1902,203,6
001645604,1902,209,6
001645605,1947,453,7
001645606,1947,460,1
001645607,1947,466,5
001645608,1947,469,7
001645609,1947,477,5
001645610,1902,215,6
001645611,1947,486,7
001645612,1947,473,5
001645613,1947,641,9
001645614,1904,69,2
001645615,1904,69,6
001645616,1949,122,4
001645617,1949,7,7
001645618,1902,282,2
001645621,1904,92,5
001645622,1937,187,11
001645660,1943,68,7
001645661,1904,109,4
001645665,1943,333,14
001645666,1943,276,8
001645667,1943,189,7
001645668,1943,183,7
001645669,1943,203,8
001645670,1943,220,7
001645671,1943,133,7
001645672,1943,55,7
001645673,1904,103,6
001645674,1943,51,5
001645675,1904,144,3
001645676,1949,316,5
001645677,1949,231,1
001645679,1947,482,5
001645680,1943,350,5
001645681,1902,289,2
001645682,1949,222,4
001645684,1936,113,12
001645689,1932,426,3
001645724,1943,214,8
001645799,1943,569,7
001645800,1904,21,6
001645817,1901,103,6
001645818,1901,98,6
001645819,1901,92,8
001645820,1946,270,7
001645830,1938,120,15
001645832,1944,3,9
001645836,1945,603,5
001645837,1948,238,3
001645962,1941,206,9
001645963,1941,174,9
001645964,1941,18,9
001645965,1941,487,9
001646183,1941,163,9
001646184,1941,78,10
001646185,1941,78,9
001646186,1941,636,10
001646187,1941,487,9
001646197,1924,299,NaN
001646268,1924,246,1
001646299,1901,139,2
001646300,1901,141,2
001646301,1935,348,1
001646500,1935,437,1
001646501,1935,469,1
001646510,1945,524,5
001646511,1950,155,3
001646513,1943,136,2
001646514,1943,3,9
001646623,1944,504,9
001646624,1944,369,9
001646637,1942,566,7
001646638,1942,502,9
001646640,1942,307,2
001646651,1938,342,5
001646698,1946,202,7
001646712,1936,214,7
001646719,1939,451,1
001646720,1939,583,1
001646722,1901,141,2
001646826,1901,111,2
001646828,1901,217,2
001646829,1901,181,2
001646830,1946,367,9
001646831,1901,173,2
001646832,1946,341,9
001646833,1946,475,7
001646834,1940,194,9
001646847,1950,307,4
001646849,1943,237,9
001646850,1941,292,9
001646985,1943,533,9
001646986,1946,332,5
001646987,1901,131,2
001646991,1949,651,6
001646992,1949,21,3
001646993,1948,628,7
001646994,1901,157,2
001646995,1946,319,9
001646996,1946,324,7
001646997,1946,331,1
001646998,1943,621,9
001646999,1944,182,9
001647000,1943,575,5
001647001,1943,431,9
001647002,1947,118,3
001647082,1946,592,7
001647085,1919,30,3
001647087,1936,218,7
001647088,1936,531,7
001647099,1909,193,6
001647100,1936,454,7
001647101,1936,452,7
001647102,1936,405,7
001647276,1936,422,7
001647277,1936,417,7
001647278,1936,505,7
001647279,1928,540,7
001647280,1936,284,7
001647281,1936,394,7
001647440,1951,235,4
001647538,1941,150,9
001647539,1941,146,9
001647540,1941,139,9
001647541,1941,495,9
001647542,1949,127,5
001647666,1941,512,9
001647667,1941,574,9
001647674,1943,522,7
001647675,1943,515,3
001647676,1943,588,9
001647677,1943,584,7
001647678,1943,565,7
001647679,1938,499,9
001647680,1944,508,7
001647685,1947,311,7
001647686,1947,370,5
001647689,1902,218,2
001647690,1947,562,5
001647691,1947,224,7
001647692,1902,104,2
001647804,1941,576,9
001647805,1938,460,9
001647809,1947,237,4
001647810,1947,280,7
001647811,1947,502,7
001647812,1947,428,3
001647822,1939,609,9
001647823,1939,529,7
001647824,1948,645,7
001647825,1946,557,7
001647828,1947,185,7
001647829,1945,140,7
001647830,1945,144,13
001647831,1948,378,9
001647832,1945,202,3
001647885,1948,217,5
001647886,1943,64,9
001647888,1945,114,9
001647889,1945,92,9
001647890,1948,621,7
001647895,1945,279,9
001647896,1945,294,10
001647897,1938,83,9
001647898,1938,20,9
001647899,1938,377,7
001647900,1938,374,7
001647901,1938,342,7
001647902,1938,211,9
001647903,1938,150,9
001647904,1938,159,7
001647905,1936,582,7
001647906,1936,652,8
001647907,1936,652,8
001648028,1936,656,7
001648030,1936,641,9
001648037,1936,649,3
001648045,1936,165,7
001648046,1936,109,7
001648047,1936,111,1
001648048,1936,115,9
001648049,1936,115,10
001648052,1936,137,7
001648641,1936,450,7
001648771,1938,425,9
001649182,1928,401,5
001649183,1917,148,1
001649191,1948,64,7
001649312,1943,487,10
001649417,1943,652,5
001649418,1902,268,3
001649436,1936,50,8
001649437,1936,13,7
001649699,1921,185,3
001649703,1904,73,2
001649709,1946,319,5
001649781,1935,630,3
001650189,1908,2,6
001650190,1908,3,1
001650191,1908,4,2
001650192,1908,4,2
001650193,1908,10,3
001650194,1908,10,3
001650195,1908,10,3
001650196,1908,11,5
001650197,1908,11,6
001650992,1908,12,1
001650993,1908,14,1
001650994,1908,16,3
001650995,1908,17,4
001650996,1908,17,5
001650997,1908,17,5
001650998,1908,19,3
001650999,1908,19,6
001651000,1908,28,1
001651001,1908,33,3
001651002,1908,34,1
001651003,1908,37,4
001651004,1908,41,1
001651005,1908,46,5
001651006,1908,52,5
001651007,1908,65,4
001652749,1952,307,NaN
001652939,1945,159,10
001652941,1945,599,5
001653443,1949,613,3
001653444,1949,660,5
001654675,1941,427,9
001655793,1908,75,9
001655794,1908,76,3
001655795,1908,77,2
001655796,1908,78,1
001655797,1908,79,1
001655798,1908,79,3
001655799,1908,79,3
001655800,1908,79,3
001655801,1908,102,3
001655802,1908,105,1
001655803,1908,106,4
001655804,1908,107,4
001655805,1908,111,1
001655806,1908,111,3
001655807,1908,123,3
001655808,1908,124,3
001655809,1908,126,2
001655810,1908,129,1
001655811,1908,130,6
001655812,1908,134,3
001655813,1908,134,4
001655814,1908,144,1
001655956,1908,148,1
001655957,1908,148,7
001655958,1908,154,8
001655959,1908,158,1
001655960,1908,160,6
001655961,1908,163,2
001655962,1908,163,5
001655963,1908,167,1
001655964,1908,168,1
001655965,1908,168,5
001655966,1908,170,4
001655967,1908,171,1
001655968,1908,172,6
001655969,1908,178,3
001655970,1908,178,6
001655971,1908,180,3
001655972,1908,185,3
001655973,1908,185,3
001655974,1908,186,5
001655975,1908,186,7
001655976,1908,188,1
001655977,1908,195,7
001655978,1908,199,1
001655979,1908,199,5
001655980,1908,201,6
001655981,1908,205,1
001655982,1908,207,6
001655983,1908,211,1
001655984,1908,211,13
001655985,1908,212,3
001655986,1908,217,1
001655987,1908,217,13
001655988,1908,218,5
001655989,1908,221,6
001656193,1908,226,5
001656194,1908,227,1
001656195,1908,227,4
001656196,1908,228,5
001656197,1908,231,6
001656198,1908,236,1
001656199,1908,236,6
001656200,1908,238,1
001656201,1908,252,9
001656202,1908,255,12
001656203,1908,260,3
001656204,1908,260,4
001656205,1908,266,6
001656206,1908,268,1
001656207,1908,271,6
001656208,1908,277,6
001656209,1908,278,3
001656210,1908,279,5
001656211,1908,287,9
001656212,1908,287,10
001656213,1908,291,1
001657306,1907,2,2
001657307,1907,2,3
001657308,1907,6,1
001657309,1907,11,2
001657310,1907,12,3
001657311,1907,14,3
001657312,1907,17,1
001657313,1907,21,2
001657314,1907,22,2
001657315,1907,32,2
001657316,1907,34,3
001657317,1907,37,3
001657343,1907,41,4
001657344,1907,54,1
001657345,1907,56,2
001657346,1907,59,3
001657347,1907,64,3
001657348,1907,70,2
001657349,1907,71,3
001657350,1907,87,2
001657351,1907,102,1
001657352,1907,120,9
001657358,1907,125,3
001657359,1907,127,3
001657360,1907,128,3
001657361,1907,143,3
001657362,1907,152,3
001657393,1907,154,3
001657394,1907,158,2
001657395,1907,183,4
001657396,1907,188,9
001657397,1907,193,1
001657398,1907,194,1
001657399,1907,195,1
001657400,1907,199,3
001657401,1907,204,3
001657402,1907,204,4
001657403,1907,206,3
001657404,1907,207,2
001657405,1907,211,3
001657406,1907,217,1
001657407,1907,217,2
001657408,1907,217,3
001657409,1907,217,3
001657410,1907,218,1
001657411,1907,231,3
001657412,1907,222,2
001657413,1907,237,3
001657414,1907,248,3
001657415,1907,252,1
001657416,1899,252,3
001657417,1907,258,3
001657418,1907,258,10
001657419,1907,264,3
001657420,1907,267,4
001657421,1907,271,3
001657422,1907,276,1
001657423,1907,282,1
001657424,1907,282,1
001657425,1907,282,2
001657426,1907,284,3
001657427,1907,287,1
001657428,1907,289,3
001657429,1907,297,1
001658418,1903,3,3
001658419,1903,5,1
001658420,1903,6,3
001658421,1903,12,2
001658422,1903,14,4
001658423,1903,17,1
001658424,1903,17,1
001658425,1903,17,1
001658426,1903,20,1
001658427,1903,20,1
001658453,1903,21,5
001658454,1903,23,1
001658455,1895,24,2
001658456,1903,25,1
001658457,1903,37,1
001658458,1903,47,2
001658459,1903,58,3
001658460,1903,64,1
001658461,1903,74,2
001658462,1903,94,2
001658463,1903,105,2
001658464,1903,108,2
001658465,1903,111,2
001658466,1903,112,2
001658467,1903,119,2
001658468,1903,176,1
001658469,1903,183,2
001658470,1903,207,3
001658471,1903,209,2
001658472,1903,217,1
001658473,1903,46,4
001658474,1903,222,3
001658475,1903,223,3
001658476,1903,241,1
001658477,1903,252,1
001658478,1903,254,1
001658479,1903,270,3
001658480,1903,276,2
001658481,1903,276,5
001658482,1903,276,13
001658483,1903,294,1
001658484,1903,282,1
001658487,1916,3,1
001658488,1916,14,5
001658489,1916,23,5
001658490,1916,23,5
001658491,1916,28,3
001658492,1916,30,1
001658493,1916,34,1
001658494,1916,45,9
001658495,1916,54,1
001658496,1916,55,1
001658497,1916,55,1
001658498,1916,55,3
001658499,1916,57,3
001658500,1916,58,1
001658501,1916,71,4
001658502,1916,75,2
001658503,1916,82,4
001658504,1916,86,3
001658505,1916,87,19
001658506,1916,91,9
001658507,1916,91,9
001658516,1952,51,3
001658524,1943,621,9
001658527,1946,6,7
001658653,1916,94,1
001658654,1916,94,19
001658655,1916,97,4
001658656,1916,97,4
001658657,1916,98,1
001658658,1916,98,4
001658659,1916,98,4
001658660,1916,98,6
001658661,1916,98,6
001658662,1916,101,5
001658663,1916,101,17
001658664,1916,104,2
001658665,1916,105,9
001658666,1916,107,1
001658667,1916,109,5
001658668,1916,110,9
001658669,1916,111,2
001658670,1916,119,2
001658671,1916,120,2
001658672,1916,124,9
001658673,1916,127,4
001658674,1916,128,6
001658675,1916,131,3
001658676,1916,136,3
001658677,1916,141,1
001658678,1916,141,4
001658679,1916,140,3
001658680,1916,153,5
001658681,1916,155,19
001658682,1916,154,6
001658700,1916,159,3
001658701,1916,169,5
001658702,1916,170,3
001658703,1916,176,2
001658704,1916,177,9
001658705,1916,177,9
001658706,1916,167,5
001658707,1916,183,3
001658708,1916,197,6
001658709,1916,198,9
001658710,1916,187,21
001658711,1916,214,3
001658712,1916,218,1
001658713,1916,221,17
001658714,1916,224,1
001658715,1916,225,1
001658716,1916,226,3
001658717,1908,227,2
001658718,1916,228,1
001658719,1916,228,3
001658720,1916,229,3
001658721,1916,234,6
001658722,1916,237,2
001658723,1916,239,1
001658724,1916,239,1
001658725,1916,243,4
001658726,1916,245,2
001658727,1916,248,5
001658728,1916,249,6
001658729,1916,252,4
001658730,1916,235,1
001658731,1916,253,1
001658732,1916,254,5
001658733,1916,259,7
001658734,1916,263,3
001658735,1916,264,23
001658736,1916,268,6
001658737,1916,281,3
001658738,1916,288,3
001658739,1916,288,4
001658740,1916,299,3
001658741,1916,299,25
001658742,1916,301,4
001658743,1916,309,6
001658744,1916,313,21
001658745,1916,318,3
001658746,1916,309,6
001658747,1916,327,25
001658748,1916,327,26
001658749,1916,332,9
001658750,1916,334,4
001658751,1916,336,1
001658752,1916,335,2
001658753,1916,335,3
001658754,1916,346,2
001658755,1916,346,4
001658756,1916,352,1
001658757,1916,354,NaN
001658801,1941,152,7
001658850,1938,456,11
001658861,1935,128,9
001661609,1952,79,3
001662223,1931,3,3
001662224,1931,7,3
001662225,1931,9,7
001662226,1931,9,7
001662227,1931,16,1
001662228,1931,18,7
001662229,1931,18,7
001662230,1931,31,7
001662231,1931,36,1
001662232,1931,40,7
001662253,1931,60,7
001662254,1931,63,7
001662255,1931,64,1
001662256,1931,73,4
001662257,1931,73,7
001662258,1931,76,1
001662259,1931,76,3
001662260,1931,78,7
001662261,1931,78,7
001662262,1931,78,7
001662263,1931,78,7
001662264,1931,80,7
001662265,1931,83,7
001662266,1931,89,1
001662267,1931,89,7
001662303,1931,97,7
001662304,1931,99,7
001662305,1931,102,1
001662306,1931,102,7
001662307,1931,110,7
001662308,1931,117,7
001662309,1931,119,7
001662310,1931,121,7
001662311,1931,121,7
001662312,1931,126,1
001662313,1931,130,7
001662314,1931,132,7
001662315,1931,134,7
001662316,1931,143,1
001662317,1931,145,7
001662318,1931,149,7
001662319,1931,151,11
001662320,1931,159,1
001662321,1931,162,7
001662322,1931,169,3
001662323,1931,169,5
001662324,1931,169,7
001662413,1931,171,7
001662414,1931,171,7
001662415,1931,171,7
001662416,1931,173,7
001662417,1931,175,5
001662418,1931,177,1
001662419,1931,177,2
001662420,1931,182,7
001662421,1931,184,7
001662422,1931,188,9
001662423,1931,191,7
001662424,1931,191,7
001662425,1931,193,7
001662426,1931,214,7
001662427,1931,228,7
001662428,1931,228,7
001662429,1931,230,5
001662430,1931,237,9
001662431,1931,240,7
001662432,1931,251,2
001662433,1931,251,3
001662434,1931,253,7
001662435,1931,255,4
001662436,1931,257,7
001662437,1931,264,7
001662438,1931,264,7
001662439,1931,265,2
001662440,1931,266,1
001662441,1931,273,7
001662442,1931,273,7
001662443,1931,276,3
001662444,1931,276,5
001662445,1931,276,7
001662446,1931,276,7
001662447,1931,278,7
001662448,1931,280,7
001662449,1931,280,7
001662450,1931,282,1
001662451,1931,282,7
001662452,1931,284,7
001662493,1931,284,7
001662494,1931,286,7
001662495,1931,289,1
001662496,1931,289,7
001662497,1931,289,7
001662498,1931,289,7
001662499,1931,289,7
001662500,1931,289,7
001662501,1931,291,7
001662502,1931,291,7
001662503,1931,291,7
001662504,1931,293,7
001662505,1931,188,9
001662506,1931,179,1
001662507,1931,175,7
001662508,1931,146,1
001662509,1931,73,4
001662510,1931,66,2
001662511,1931,53,7
001662512,1931,199,7
001662513,1931,266,7
001662514,1931,295,7
001662515,1931,297,7
001662516,1931,299,7
001662517,1931,299,7
001662518,1931,299,7
001662519,1931,299,7
001662520,1931,299,7
001662603,1931,224,1
001662604,1931,300,1
001662605,1931,302,7
001662606,1931,302,7
001662607,1931,304,7
001662608,1931,306,7
001662609,1931,308,7
001662610,1931,310,7
001662611,1931,310,7
001662612,1931,308,7
001662613,1931,315,2
001662614,1931,315,7
001662615,1931,315,7
001662616,1931,319,7
001662617,1931,319,7
001662618,1931,322,7
001662619,1931,324,7
001662620,1931,327,7
001662621,1931,328,2
001662622,1931,331,7
001662623,1931,332,7
001662653,1931,332,7
001662654,1931,333,2
001662655,1931,339,7
001662656,1931,341,7
001662657,1931,341,5
001662658,1931,343,7
001662659,1931,345,7
001662660,1931,347,1
001662661,1931,349,1
001662662,1931,350,2
001662663,1931,352,7
001662664,1931,356,7
001662665,1931,358,5
001662666,1931,360,3
001662698,1931,367,7
001662699,1931,267,7
001662700,1931,372,4
001662701,1931,373,1
001662702,1931,373,7
001662703,1931,380,5
001662704,1931,380,7
001662705,1931,380,7
001662706,1931,382,7
001662707,1931,382,7
001662738,1931,384,7
001662739,1931,386,7
001662740,1931,386,7
001662741,1931,388,7
001662742,1931,389,1
001662743,1931,391,7
001662744,1931,392,2
001662745,1931,393,2
001662746,1931,393,2
001662747,1931,393,2
001662748,1931,393,7
001662749,1931,393,7
001662750,1931,393,7
001662751,1931,395,2
001662752,1931,396,2
001662753,1931,399,7
001662754,1931,404,7
001662755,1931,409,1
001662756,1931,413,5
001662757,1931,417,1
001662758,1931,422,5
001662759,1931,422,7
001662760,1931,425,7
001662761,1931,426,1
001662762,1931,429,1
001662763,1931,431,1
001662764,1931,431,7
001662765,1931,431,7
001662766,1931,431,7
001662767,1931,433,7
001662798,1931,437,7
001662799,1931,439,7
001662800,1931,442,7
001662801,1931,446,7
001662802,1931,446,7
001662803,1931,448,7
001662804,1931,451,3
001662805,1931,455,7
001662806,1931,455,7
001662807,1931,457,5
001662808,1931,457,7
001662809,1931,459,7
001662810,1931,466,7
001662811,1931,477,NaN
001662812,1931,483,NaN
001662813,1931,487,NaN
001662814,1931,494,NaN
001662815,1931,496,NaN
001662816,1931,500,NaN
001662817,1931,502,NaN
001662818,1931,505,NaN
001662819,1931,511,NaN
001662820,1931,513,NaN
001662821,1931,461,6
001662822,1931,461,7
001662823,1931,463,7
001662824,1931,515,NaN
001662825,1931,516,NaN
001662826,1931,518,NaN
001662827,1931,522,NaN
001662863,1931,524,NaN
001662864,1931,526,NaN
001662865,1923,526,NaN
001662866,1931,526,NaN
001662867,1931,528,NaN
001662868,1931,531,NaN
001662869,1931,537,NaN
001662870,1931,529,NaN
001662871,1931,541,NaN
001662872,1931,541,NaN
001662873,1931,541,NaN
001662874,1931,544,NaN
001662875,1931,549,NaN
001662876,1931,551,NaN
001662877,1931,552,NaN
001662878,1931,564,NaN
001662879,1931,564,7
001662880,1931,565,NaN
001662881,1931,527,NaN
001662882,1931,573,NaN
001662883,1931,575,NaN
001662884,1931,579,NaN
001662885,1931,579,NaN
001662886,1931,588,NaN
001662887,1931,592,NaN
001662888,1931,NaN,NaN
001662889,1931,602,NaN
001662890,1931,603,NaN
001662891,1931,603,NaN
001662892,1931,605,NaN
001662893,1931,605,NaN
001662894,1931,910,NaN
001662895,1931,616,NaN
001662896,1931,625,NaN
001662897,1931,629,NaN
001662898,1931,634,NaN
001662899,1931,634,NaN
001662900,1931,636,NaN
001662901,1931,642,NaN
001662902,1931,645,NaN
001662903,1931,647,NaN
001662904,1931,352,2
001662905,1931,352,7
001662906,1931,354,2
001662907,1931,356,5
001662908,1931,360,7
001662909,1931,362,5
001662910,1931,362,7
001662911,1931,371,7
001662912,1931,377,1
001662913,1931,378,7
001662914,1931,382,7
001662915,1931,384,1
001662916,1931,383,3
001662917,1931,391,1
001662918,1931,391,1
001662919,1931,393,1
001662920,1931,422,7
001662921,1931,429,7
001662922,1931,439,5
001662923,1931,447,1
001662924,1931,269,2
001662925,1931,291,7
001662926,1931,296,1
001662927,1931,297,7
001662928,1931,297,7
001662929,1931,299,7
001662930,1931,303,1
001662931,1931,310,1
001662932,1931,324,7
001662958,1931,623,NaN
001662959,1931,641,NaN
001662960,1931,609,NaN
001662961,1931,595,NaN
001662962,1931,326,1
001662963,1931,327,7
001662964,1931,332,4
001662965,1931,197,7
001662966,1931,198,2
001662967,1931,197,7
001662968,1931,202,2
001662969,1931,204,7
001662970,1931,204,7
001662971,1931,205,2
001662972,1931,205,2
001662973,1931,306,2
001662974,1931,208,7
001662975,1931,210,7
001662976,1931,210,7
001662977,1931,214,7
001662978,1931,214,7
001662979,1931,217,5
001662980,1931,217,5
001662981,1931,217,7
001662982,1931,217,7
001663013,1931,217,7
001663014,1931,219,7
001663015,1931,219,7
001663016,1931,219,7
001663017,1931,221,7
001663018,1931,221,7
001663019,1931,223,5
001663020,1931,223,7
001663021,1931,223,7
001663022,1931,225,7
001663023,1931,225,7
001663024,1931,228,5
001663025,1931,228,7
001663026,1931,229,2
001663027,1931,230,7
001663028,1931,230,7
001663029,1931,232,7
001663030,1931,232,7
001663031,1931,233,5
001663032,1931,233,7
001663033,1931,233,7
001663034,1931,233,7
001663035,1931,235,5
001663036,1931,235,5
001663037,1931,235,5
001663038,1931,235,7
001663039,1931,240,7
001663040,1931,242,7
001663041,1931,242,7
001663042,1931,245,1
001663098,1931,246,7
001663099,1931,246,7
001663100,1931,250,7
001663101,1931,250,7
001663102,1931,253,3
001663103,1931,255,7
001663104,1931,256,1
001663105,1931,261,5
001663106,1931,257,7
001663107,1931,259,5
001663108,1931,259,7
001663109,1931,261,2
001663110,1931,263,3
001663111,1931,264,7
001663112,1931,266,7
001663113,1931,268,5
001663114,1931,268,7
001663153,1905,2,1
001663154,1905,2,9
001663155,1905,3,3
001663156,1905,4,4
001663157,1905,7,3
001663158,1905,7,4
001663159,1905,7,4
001663160,1905,7,4
001663161,1905,9,4
001663162,1905,9,4
001663163,1905,12,3
001663164,1905,13,4
001663165,1905,31,2
001663166,1905,44,3
001663167,1905,44,3
001663168,1905,46,3
001663169,1905,48,5
001663170,1905,62,3
001663171,1905,64,3
001663172,1905,66,1
001663173,1905,71,4
001663174,1905,85,4
001663175,1905,86,3
001663176,1905,88,3
001663177,1905,94,4
001663178,1905,89,4
001663179,1905,89,4
001663180,1905,94,4
001663181,1905,95,4
001663182,1905,99,4
001663213,1905,100,3
001663214,1905,114,2
001663215,1905,117,3
001663216,1905,121,3
001663217,1905,125,2
001663218,1905,130,3
001663219,1905,133,4
001663220,1905,135,1
001663221,1905,140,4
001663222,1905,141,3
001663258,1931,351,1
001663259,1905,141,3
001663260,1905,141,3
001663261,1905,143,3
001663262,1905,143,3
001663263,1905,146,1
001663264,1905,148,2
001663265,1905,154,5
001663266,1905,159,3
001663267,1905,162,3
001663268,1905,166,4
001663269,1905,166,5
001663270,1905,168,4
001663271,1905,184,3
001663272,1905,184,5
001663273,1905,190,4
001663274,1905,190,4
001663275,1905,192,3
001663276,1905,193,3
001663277,1905,199,3
001663278,1905,202,1
001663279,1905,205,3
001663280,1905,207,4
001663281,1905,207,5
001663282,1905,231,2
001663283,1905,235,3
001663284,1905,231,3
001663318,1905,231,9
001663319,1905,231,9
001663320,1905,231,9
001663321,1905,233,3
001663322,1905,237,1
001663323,1905,237,9
001663324,1905,243,9
001663325,1905,243,9
001663326,1905,246,2
001663327,1905,246,3
001663328,1905,249,1
001663329,1905,247,3
001663330,1905,249,9
001663331,1905,249,9
001663332,1905,252,3
001663333,1905,253,2
001663334,1905,254,9
001663335,1905,256,3
001663336,1905,257,3
001663337,1905,261,2
001663338,1905,262,3
001663339,1905,262,4
001663340,1905,266,9
001663341,1905,278,3
001663342,1905,278,5
001663343,1905,278,5
001663344,1905,283,5
001663345,1905,289,3
001663346,1905,289,5
001663853,1901,128,2
001665704,1906,1,9
001665705,1906,12,1
001665706,1906,24,3
001665707,1906,29,2
001665708,1906,36,3
001665709,1906,37,3
001665710,1906,41,3
001665711,1906,45,3
001665712,1906,47,3
001665713,1906,48,3
001665714,1906,51,3
001665715,1906,53,3
001665716,1906,57,3
001665717,1906,60,4
001665718,1906,62,1
001665719,1906,62,2
001665720,1906,67,3
001665721,1906,68,2
001665722,1906,91,3
001665923,1906,91,3
001665924,1906,91,3
001665925,1906,87,3
001665926,1906,93,3
001665927,1906,93,3
001665928,1906,70,3
001665929,1906,70,3
001665930,1906,70,3
001665931,1906,71,3
001665932,1906,76,2
001665933,1906,76,2
001665934,1906,79,2
001665935,1906,81,4
001665936,1906,81,3
001665937,1906,82,3
001665938,1906,89,3
001665939,1906,95,1
001665940,1906,97,2
001665941,1906,106,1
001665942,1906,110,3
001665943,1906,111,3
001665944,1906,114,3
001665945,1906,123,3
001665946,1906,132,1
001665947,1906,132,132
001665948,1906,133,1
001666023,1906,138,1
001666024,1906,139,1
001666025,1906,139,2
001666026,1906,141,1
001666027,1906,143,1
001666028,1906,144,1
001666029,1906,144,2
001666030,1906,144,3
001666031,1906,144,3
001666032,1906,146,1
001666033,1906,154,3
001666034,1906,177,2
001666035,1906,178,1
001666036,1906,178,3
001666037,1906,178,3
001666038,1906,181,2
001666039,1906,185,1
001666040,1906,198,3
001666041,1906,201,2
001666042,1906,218,2
001666043,1906,220,3
001666044,1906,224,3
001666045,1906,224,3
001666046,1906,230,3
001666047,1906,236,1
001666113,1906,244,3
001666114,1906,246,3
001666115,1906,249,3
001666116,1906,249,3
001666117,1906,265,2
001666118,1923,20,3
001666119,1923,24,4
001666120,1923,34,2
001666121,1923,56,4
001666122,1923,57,4
001666123,1923,66,4
001666124,1923,78,3
001666125,1923,79,2
001666126,1923,90,3
001666127,1923,106,4
001666128,1923,116,3
001666129,1923,121,3
001666130,1923,123,4
001666131,1923,123,4
001666132,1923,130,3
001666133,1923,151,4
001666134,1923,155,4
001666135,1923,162,3
001666136,1923,170,4
001666137,1923,174,4
001666173,1923,177,4
001666174,1923,191,1
001666175,1923,194,1
001666176,1923,208,1
001666177,1923,215,1
001666178,1923,216,4
001666179,1923,234,2
001666180,1923,241,3
001666181,1923,245,4
001666182,1923,254,2
001666183,1923,261,5
001666184,1923,264,4
001666185,1923,268,2
001666186,1923,268,4
001666187,1923,268,4
001666188,1923,277,4
001666189,1923,278,4
001666190,1923,282,4
001666191,1923,294,1
001666192,1923,295,4
001666193,1923,296,2
001666194,1923,304,5
001666195,1923,305,4
001666196,1923,327,4
001666361,1923,326,4
001666362,1923,329,5
001666363,1923,338,1
001666364,1923,15,2
001666365,1923,15,3
001666366,1923,21,3
001666367,1923,44,2
001666368,1923,49,2
001666369,1923,25,3
001666370,1923,53,2
001666371,1923,72,2
001666372,1923,78,2
001666373,1923,102,2
001666374,1923,111,2
001666375,1923,140,3
001666376,1923,180,2
001666377,1923,327,4
001666388,1923,80,1
001666389,1923,74,1
001666390,1923,56,2
001666391,1923,231,4
001666392,1923,309,2
001666393,1923,145,5
001666394,1923,223,1
001666533,1931,228,7
001668094,1949,263,10
001668095,1949,276,3
001668096,1949,257,3
001668097,1904,147,2
001668101,1909,256,6
001668102,1909,241,6
001668257,1902,5,2
001668258,1902,8,2
001668259,1902,8,2
001668260,1902,9,3
001668261,1902,13,3
001668262,1902,19,2
001668263,1902,22,3
001668264,1902,22,5
001668265,1902,27,4
001668266,1902,22,3
001668267,1902,33,5
001668268,1902,37,2
001668269,1902,39,1
001668270,1902,45,1
001668271,1902,50,5
001668272,1902,59,1
001668294,1902,63,9
001668295,1902,63,9
001668296,1902,69,2
001668297,1902,74,1
001668298,1902,74,1
001668299,1902,75,3
001668300,1902,81,3
001668301,1902,86,3
001668302,1902,89,1
001668303,1902,92,2
001668304,1902,95,2
001668305,1902,98,1
001668306,1902,99,3
001668307,1902,99,3
001668308,1902,100,4
001668309,1902,113,1
001668310,1902,115,5
001668311,1902,116,2
001668312,1902,116,2
001668313,1902,121,2
001668314,1902,124,9
001668315,1902,125,2
001668316,1902,130,2
001668317,1902,131,3
001668352,1902,145,1
001668353,1902,145,5
001668354,1902,152,2
001668355,1902,153,5
001668356,1902,157,1
001668357,1902,158,3
001668358,1902,165,3
001668359,1902,167,2
001668360,1902,169,1
001668361,1902,170,1
001668362,1902,171,2
001668363,1902,172,5
001668364,1902,174,1
001668365,1902,174,2
001668388,1902,180,1
001668389,1902,1,1
001668390,1902,182,3
001668391,1902,183,3
001668392,1902,185,1
001668393,1902,186,1
001668394,1902,186,2
001668395,1902,195,2
001668396,1902,198,3
001668397,1902,200,2
001668398,1902,201,2
001668399,1902,201,2
001668400,1902,204,4
001668401,1902,204,6
001668402,1902,204,6
001668403,1902,206,2
001668404,1902,207,1
001668405,1902,207,3
001668406,1902,207,3
001668407,1902,209,3
001668408,1902,213,1
001668409,1902,210,13
001668410,1902,216,4
001668411,1902,216,13
001668412,1902,218,1
001668413,1902,218,3
001668414,1902,219,1
001668415,1902,219,1
001668416,1902,219,3
001668417,1902,221,3
001668464,1902,222,4
001668465,1902,225,1
001668466,1902,226,6
001668467,1902,227,2
001668468,1902,228,4
001668469,1902,228,10
001668470,1902,228,11
001668471,1902,230,3
001668472,1902,232,3
001668473,1902,234,1
001668474,1902,234,5
001668475,1902,235,1
001668476,1902,240,4
001668477,1902,246,4
001668478,1902,246,14
001668479,1902,247,1
001668480,1902,256,4
001668481,1902,260,2
001668482,1902,263,2
001668483,1902,266,2
001668484,1902,269,2
001668485,1902,269,14
001668486,1902,269,14
001668487,1902,269,14
001668488,1902,270,5
001668489,1902,276,1
001668490,1902,277,2
001668491,1902,277,2
001668492,1902,278,2
001668493,1902,278,2
001668494,1902,279,3
001668495,1902,280,13
001668496,1902,280,13
001668497,1902,280,13
001668498,1902,281,1
001668499,1902,281,3
001668500,1902,181,3
001668501,1902,281,3
001668502,1902,284,1
001668503,1902,284,2
001668504,1902,290,3
001668505,1902,291,2
001668506,1902,292,14
001669671,1901,1,1
001669672,1901,1,4
001669673,1901,1,6
001669674,1904,97,13
001669675,1904,15,4
001669830,1904,13,5
001669831,1904,23,2
001669832,1904,24,2
001669833,1904,25,2
001669834,1904,45,3
001669835,1904,45,6
001669836,1904,74,4
001669837,1904,75,2
001669838,1904,77,3
001669839,1904,82,3
001669840,1904,105,2
001669841,1904,108,1
001669842,1904,109,2
001669843,1904,112,2
001669844,1904,118,3
001669845,1904,124,6
001669846,1904,146,2
001669847,1904,147,6
001669848,1904,167,2
001669849,1904,168,3
001669850,1904,176,3
001669851,1904,176,4
001669852,1904,185,3
001669853,1904,185,3
001669854,1904,199,3
001669855,1904,204,1
001669856,1904,210,4
001669857,1904,216,1
001669858,1904,229,1
001669859,1904,236,3
001669860,1904,236,4
001669861,1904,253,3
001669862,1904,267,3
001669863,1904,270,4
001669864,1904,274,1
001669865,1904,282,5
001669866,1904,284,1
001669867,1904,291,3
001674616,1945,317,3
001674721,1941,115,9
001674725,1936,534,1
001674726,1943,424,2
001674727,1944,45,9
001674755,1921,137,1
001674756,1921,128,3
001674761,1901,259,2
001674775,1938,473,9
001674777,1941,254,11
001674788,1938,387,7
001674791,1936,634,7
001674792,1948,101,4
001674794,1948,176,4
001674805,1936,650,2
001674806,1909,277,1
001674808,1909,189,1
001674815,1929,496,4
001674816,1947,264,3
001674824,1909,177,5
001675004,1909,232,6
001675005,1909,221,7
001675009,1928,377,4
001675039,1902,162,3
001675064,1929,416,8
001675081,1919,206,2
001675097,1949,29,7
001675113,1938,31,13
001675114,1926,117,3
001675122,1942,326,1
001675161,1946,268,5
