101,Q
001580118,35:513<7
001580120,35:605<3
001580121,35:656<7
001580159,9:251<1
001580160,9:75<3
001580164,38:133<9
001580165,38:140<7
001580170,19:353<2
001580171,18:38<1
001580173,19:334<3
001580174,28:140<10
001580175,18:323<1
001580176,17:217<1
001580183,47:222<4
001580184,47:239<7
001580185,47:242<3
001580186,47:249<5
001580187,2:123<2
001580188,47:287<2
001580189,47:287<3
001580190,47:305<2
001580191,47:322<2
001580192,47:348<2
001580193,47:372<2
001580194,47:460<2
001580195,47:507<7
001580196,47:517<2
001580197,47:541<5
001580198,47:541<1
001580199,47:551<7
001580200,47:597<2
001580201,47:601<7
001580210,48:493<3
001580211,38:588<10
001580212,38:600<2
001580218,38:607<1
001580252,47:157<4
001580254,47:22<2
001580255,47:78<2
001580256,47:63<5
001580257,47:165<3
001580275,47:626<6
001580281,19:354<17
001580282,18:353<97
001580286,18:353<97
001580306,18:179<1
001580307,18:83<2
001580319,48:573<5
001580321,48:233<7
001580322,48:296<7
001580323,48:27<7
001580335,41:561<9
001580336,41:176<9
001580341,29:476<7
001580356,41:518<10
001580366,36:175<2
001580376,38:577<5
001580381,41:213<11
001580393,41:33<9
001580394,41:78<10
001580395,41:81<9
001580400,41:83<7
001580430,28:622<9
001580432,18:295<2
001580434,39:414<9
001580495,20:324<6
001580496,46:357<7
001580497,46:393<9
001580498,46:509<1
001580502,46:4<3
001580503,46:53<5
001580504,44:45<10
001580534,36:606<7
001580541,47:91<10
001580542,45:312<2
001580543,45:294<3
001580544,41:591<10
001580545,37:327<19
001580546,36:610<9
001580547,36:573<18
001580564,42:472<2
001580565,28:185<9
001580593,49:73<4
001580597,39:451<9
001580598,39:451<9
001580612,43:653<2
001580654,47:157<4
001580717,52:342<4
001580748,36:286<7
001580749,36:254<9
001580781,43:565<9
001580804,38:66<9
001580805,38:163<9
001580821,35:579<7
001580823,36:608<7
001580827,38:477<10
001580837,48:195<7
001581036,9:24<3
001581039,9:35<1
001581115,44:638<5
001581118,35:500<7
001581158,1:62<3
001581226,35:658<10
001581234,38:25<9
001581235,38:33<9
001581241,39:488<9
001581243,41:578<9
001581244,41:587<9
001581245,42:630<9
001581247,2:212<3
001581259,47:543<10
001581287,45:250<3
001581336,29:491<7
001581383,44:587<2
001581384,45:181<5
001581388,47:284<7
001581421,34:526<2
001581444,47:139<3
001581445,47:150<2
001581446,47:72<2
001581539,19:63<2
001581540,45:140<7
001581541,49:287<7
001581542,45:370<3
001581562,36:227<7
001581575,47:27<4
001581683,47:610<2
001581718,9:173<3
001581733,47:302<6
001581814,41:120<2
001581815,41:401<3
001581816,44:637<5
001581822,43:571<1
001581824,46:61<7
001582162,36:89<7
001582164,37:624<9
001582165,38:374<7
001582166,39:553<9
001582167,40:181<10
001582168,43:237<9
001582169,43:297<7
001582170,46:100<7
001582188,35:100<7
001582205,38:359<9
001582223,36:216<7
001582224,36:74<7
001582226,39:401<9
001582227,37:303<7
001582228,43:358<9
001582230,41:621<9
001582231,44:500<9
001582326,38:31<9
001582328,46:304<7
001582361,29:328<7
001582362,35:594<7
001582377,36:364<7
001582389,48:574<3
001582515,41:470<4
001582516,43:1<2
001582690,35:259<9
001582691,35:383<7
001582692,35:491<7
001582693,38:96<7
001582694,38:379<7
001582695,47:59<7
001582696,46:4<7
001582697,47:359<7
001582730,43:625<9
001582818,35:656<7
001582819,36:302<7
001582822,39:318<9
001582823,41:615<10
001582825,43:20<7
001582828,43:608<9
001582830,44:358<9
001582831,44:61<9
001582833,46:621<7
001582834,46:322<7
001582836,48:313<9
001582841,47:579<7
001582845,36:345<7
001582869,46:304<7
001582871,47:202<8
001582882,37:381<9
001582883,46:239<7
001582890,9:65<2
001582913,19:320<1
001582979,39:227<7
001583095,19:29<1
001583096,19:36<1
001583101,52:161<4
001583109,45:112<9
001583110,46:387<7
001583187,28:549<9
001583192,45:609<7
001583193,48:98<7
001583194,48:138<9
001583196,48:233<7
001583215,9:85<2
001583216,9:252<4
001583217,9:112<1
001583319,45:385<385
001583320,40:118<9
001583323,37:405<7
001583325,47:555<10
001583329,43:468<9
001583330,43:174<9
001583331,43:544<9
001583333,46:418<9
001583336,46:288<7
001583340,35:172<7
001583342,38:330<1
001583344,18:203<1
001583348,42:43<9
001583352,46:13<9
001583353,2:115<3
001583354,48:120<7
001583355,48:311<7
001583363,28:156<9
001583364,28:452<5
001583365,28:635<9
001583395,36:52<8
001583396,36:212<7
001583397,36:334<9
001583398,37:655<7
001583399,38:250<7
001583400,39:418<9
001583401,41:213<11
001583402,41:362<7
001583403,41:18<9
001583405,43:207<9
001583406,43:42<7
001583407,44:241<9
001583408,45:186<9
001583409,45:195<2
001583410,45:410<7
001583411,46:20<7
001583412,46:423<7
001583413,47:35<7
001583414,47:419<7
001583415,42:175<9
001583419,47:617<2
001583426,47:645<9
001583441,35:107<5
001583477,46:594<7
001583524,48:313<9
001583525,46:24<7
001583526,47:651<7
001583527,46:464<7
001583528,48:72<7
001583649,28:136<10
001583765,46:288<7
001583825,45:523<7
001583846,18:127<1
001583847,24:234<1
001583848,24:351<1
001583908,38:200<5
001583933,46:592<7
001583934,46:327<7
001583935,38:467<9
001583936,35:126<7
001583958,24:54<2
001583959,25:32<2
001583961,38:55<9
001583962,41:652<9
001583963,41:48<9
001583964,43:48<9
001583965,44:332<9
001583966,45:264<7
001583967,45:349<7
001583968,48:285<7
001583973,9:15<6
001583978,44:82<9
001583979,44:343<9
001583980,46:8<7
001583981,46:385<7
001583982,39:490<9
001583990,38:503<9
001583991,47:513<7
001583992,47:346<7
001583993,42:188<10
001583994,48:87<9
001583995,48:38<7
001583996,48:7<7
001583997,48:370<7
001583998,48:283<7
001583999,48:141<7
001584004,39:535<9
001584009,43:612<10
001584051,42:539<7
001584059,36:612<9
001584088,43:142<12
001584170,19:287<2
001584180,39:533<10
001584289,44:651<3
001584291,44:653<2
001584292,45:34<9
001584293,45:62<9
001584294,47:81<2
001584318,43:79<9
001584319,43:455<9
001584333,45:45<7
001584349,39:643<9
001584352,47:37<2
001584371,38:37<1
001584419,38:271<5
001584430,46:33<7
001584446,38:26<2
001584451,17:7<4
001584458,30:423<7
001584461,35:100<7
001584463,34:340<7
001584468,41:618<1
001584469,38:170<7
001584475,41:322<9
001584480,35:22<7
001584484,39:542<7
001584499,19:115<1
001584525,29:575<7
001584541,42:95<7
001584543,33:541<7
001584546,35:515<7
001584547,35:459<7
001584548,35:373<7
001584549,35:50<7
001584573,44:651<7
001584574,38:21<9
001584601,47:374<2
001584610,1931:10<7
001584611,19:305<2
001584615,35:634<2
001584616,35:637<2
001584617,35:636<3
001584618,35:623<3
001584619,35:603<2
001584620,35:604<1
001584635,39:83<1
001584676,47:40<3
001584678,47:18<7
001584681,39:465<2
001584703,46:235<7
001584709,39:344<9
001584720,44:156<9
001584749,47:549<6
001584754,47:622<6
001584859,45:395<5
001584922,43:94<9
001584927,47:61<7
001584936,29:626<7
001584972,48:259<7
001584973,47:464<7
001584974,48:482<9
001584978,45:475<9
001585005,34:545<10
001585012,35:645<7
001585034,48:602<7
001585036,45:619<7
001585038,45:528<7
001585043,48:482<9
001585051,37:389<9
001585054,35:607<7
001585146,36:507<7
001585151,3:24<3
001585165,39:566<7
001585336,39:316<9
001585337,39:446<9
001585441,29:496<7
001585460,9:169<3
001585478,47:383<2
001585529,39:331<7
001585578,40:371<7
001585632,17:1<4
001585654,50:138<7
001585656,50:29<7
001585659,49:85<9
001585661,49:8<4
001585662,48:626<4
001585673,48:565<7
001585674,48:564<3
001585675,48:658<7
001585676,48:138<9
001585677,48:189<4
001585678,48:201<9
001585679,48:238<4
001585680,48:326<9
001585681,48:127<4
001585682,48:80<3
001585683,48:1/2<2
001585684,47:198<7
001585685,46:606<2
001585686,46:586<4
001585687,46:559<9
001585688,47:233<7
001585689,47:290<4
001585690,47:553<7
001585691,51:22<4
001585692,48:496<4
001585693,48:508<9
001585694,47:26<9
001585695,47:53<4
001585696,47:55<7
001585697,47:83<7
001585698,47:137<7
001585700,46:40<6
001585701,46:50<7
001585702,46:74<7
001585703,46:549<2
001585704,46:558<2
001585717,46:224<7
001585718,46:239<7
001585775,50:516<4
001585776,49:218<7
001585777,48:498<7
001585778,47:392<7
001585779,47:568<9
001585780,28:578<9
001585819,36:338<7
001585827,37:547<9
001585833,43:187<9
001585834,43:204<9
001585835,43:356<7
001585836,43:413<2
001585841,43:625<9
001585888,36:345<7
001585918,33:359<7
001585944,9:226<7
001585956,18:254<2
001585959,48:135<7
001585960,42:184<7
001585974,47:277<10
001585975,47:421<7
001585976,47:551<7
001585977,40:1<9
001585978,9:113<2
001585979,9:112<3
001585980,40:469<7
001586001,47:146<3
001586019,41:450<9
001586046,46:102<7
001586052,43:9<10
001586053,43:318<7
001586054,43:552<9
001586060,45:127<7
001586068,46:462<9
001586072,43:79<9
001586073,48:517<7
001586084,48:81<7
001586085,48:495<9
001586086,43:524<9
001586087,45:47<9
001586088,46:85<7
001586092,4:51<2
001586094,38:159<5
001586120,41:488<9
001586125,44:330<9
001586128,43:22<9
001586131,45:2<7
001586162,19:73<4
001586165,18:11<2
001586193,44:224<2
001586303,24:74<1
001586305,39:418<1
001586320,37:527<9
001586321,43:407<7
001586324,47:139<6
001586325,43:565<9
001586338,36:652<8
001586363,41:450<2
001586390,47:1<7
001586392,44:473<9
001586399,41:224<7
001586400,41:615<3
001586401,41:593<16
001586402,41:441<10
001586403,41:376<5
001586406,41:1<1
001586408,41:1<48
001586410,38:503<7
001586413,41:1<38
001586414,46:513<2
001586415,38:120<13
001586416,44:646<12
001586417,44:612<7
001586418,44:591<5
001586420,38:385<9
001586421,38:316<6
001586422,38:306<2
001586423,38:57<7
001586424,39:634<1
001586425,39:634<4
001586426,39:636<1
001586427,39:647<1
001586428,39:383<7
001586429,47:607<7
001586440,43:129<9
001586443,45:564<7
001586459,35:109<7
001586460,35:368<7
001586464,42:650<7
001586465,42:590<9
001586466,42:533<9
001586467,42:284<9
001586468,47:264<7
001586469,47:422<3
001586484,39:357<9
001586485,39:364<9
001586486,39:575<9
001586487,38:66<9
001586489,40:608<9
001586498,42:173<9
001586499,42:117<9
001586516,43:569<9
001586517,36:156<7
001586534,43:544<9
001586556,45:384<7
001586557,45:378<4
001586562,40:263<9
001586563,36:265<7
001586564,36:377<9
001586630,46:296<3
001586631,44:106<9
001586632,44:352<7
001586647,46:618<7
001586648,46:8<7
001586649,46:528<6
001586650,46:246<2
001586651,44:615<9
001586674,38:536<9
001586677,41:65<10
001586680,47:12<2
001586684,29:624<7
001586691,41:354<7
001586693,41:583<9
001586694,41:122<9
001586695,41:295<9
001586702,19:82<1
001586734,10:238<1
001586790,45:116<8
001586797,45:656<7
001586825,9:58<5
001586841,45:3<3
001586872,33:103<7
001586890,37:60<9
001586891,37:486<10
001586917,48:333<7
001586918,47:507<7
001586919,46:603<7
001586920,44:128<9
001586936,40:79<9
001586937,47:412<3
001586938,47:350<2
001586952,41:96<1
001586965,41:439<9
001586994,25:1<1
001586995,38:68<9
001586997,44:89<9
001586998,1:18<2
001587011,39:227<7
001587012,39:505<12
001587013,39:555<9
001587015,11:190<6
001587037,35:464<7
001587132,35:101<2
001587133,35:647<21
001587134,39:642<3
001587141,37:36<5
001587142,37:138<4
001587143,37:217<2
001587144,43:365<5
001587145,45:308<5
001587146,45:145<2
001587147,45:177<5
001587148,45:118<12
001587149,45:250<5
001587150,45:95<3
001587151,45:83<2
001587152,45:74<2
001587153,45:58<7
001587154,45:15<9
001587155,45:8<3
001587156,43:518<4
001587164,38:497<3
001587166,36:658<1
001587167,36:115<8
001587168,36:186<5
001587169,36:150<2
001587170,36:565<1
001587174,36:269<34
001587175,36:495<1
001587176,36:367<4
001587177,36:331<17
001587179,46:486<4
001587180,50:235<3
001587181,50:70<3
001587182,50:185<3
001587183,50:109<3
001587184,50:57<1
001587185,50:96<3
001587186,50:148<3
001587187,52:182<4
001587188,50:324<3
001587189,50:57<9
001587190,50:222<3
001587191,50:122<3
001587192,50:211<3
001587193,50:272<3
001587194,50:1<1
001587195,50:83<3
001587196,50:70<3
001587197,50:57<1
001587198,50:83<3
001587199,50:148<3
001587200,50:135<3
001587201,50:122<3
001587202,50:109<3
001587203,50:96<3
001587204,50:135<3
001587205,50:198<3
001587206,50:161<4
001587207,50:198<3
001587208,50:185<3
001587209,50:174<3
001587210,50:222<3
001587211,50:211<3
001587212,50:285<3
001587213,50:272<3
001587214,50:261<3
001587215,50:248<3
001587216,50:235<3
001587217,50:311<3
001587218,50:298<3
001587225,4:51<2
001587226,4:270<2
001587227,49:339<7
001587228,49:250<8
001587229,49:238<2
001587230,49:612<1
001587231,49:612<1
001587232,4:279<2
001587233,46:611<3
001587283,47:603<2
001587284,47:480<3
001587285,47:316<3
001587286,18:358<2
001587287,18:329<4
001587288,18:10<3
001587289,33:569<2
001587294,35:647<22
001587295,35:647<23
001587296,35:616<6
001587297,35:618<7
001587305,35:96<1
001587306,35:96<3
001587307,35:104<7
001587308,35:498<3
001587309,35:592<5
001587310,44:591<12
001587316,29:386<9
001587336,47:136<2
001587337,47:124<7
001587338,47:4<7
001587348,35:61<1
001587373,40:218<7
001587378,41:275<9
001587379,39:485<10
001587380,39:598<9
001587381,39:446<10
001587382,39:403<9
001587383,39:164<9
001587387,38:220<3
001587391,19:26<2
001587417,35:172<7
001587429,19:178<3
001587550,48:463<2
001587559,47:202<3
001587560,18:304<1
001587561,17:122<5
001587612,18:161<5
001587683,18:205<3
001587831,41:611<9
001587841,47:24<2
001587847,48:298<7
001587848,18:221<1
001587851,46:117<10
001587861,47:161<7
001587944,46:180<9
001587948,29:169<9
001587961,43:649<6
001587962,41:393<7
001587965,41:593<10
001587966,41:457<7
001587970,43:606<9
001587971,43:397<9
001587972,43:350<7
001587973,43:196<7
001587975,36:201<7
001587976,38:53<9
001587977,44:245<9
001587978,39:14<9
001587980,33:2<7
001587981,44:460<9
001587982,36:626<8
001587984,9:258<4
001587995,48:450<7
001587996,48:116<7
001588004,47:423<7
001588057,9:33<2
001588078,19:71<1
001588098,33:212<1
001588101,34:613<2
001588104,35:558<1
001588105,35:592<3
001588106,35:594<7
001588107,35:632<7
001588113,36:236<7
001588116,37:277<9
001588118,37:574<7
001588120,38:600<1
001588121,38:648<12
001588124,43:161<4
001588125,43:301<9
001588126,43:309<9
001588127,43:387<2
001588129,45:190<1
001588146,19:78<1
001588186,38:653<1
001588191,24:13<4
001588194,24:306
001588195,24:339
001588196,24:343<1
001588199,25:45<1
001588203,25:356<2
001588221,44:586<6
001588223,48:40<7
001588239,41:512<2
001588254,39:4<5
001588256,44:620<4
001588269,44:347<7
001588279,47:48<3
001588280,47:46<2
001588346,38:196<5
001588350,47:175<5
001588351,43:531<9
001588354,47:174<2
001588396,39:401<1
001588540,39:344<9
001588548,43:577<2
001588558,19:326<1
001588563,35:616<1
001588591,28:217<5
001588592,28:287<10
001588593,36:576<7
001588601,2:2<2
001588617,19:257<3
001588618,17:33<5
001588619,18:272<3
001588632,43:172<9
001588633,45:99<9
001588634,42:235<9
001588636,42:182<9
001588637,46:327<7
001588661,28:127<9
001588662,40:537<9
001588663,29:605<7
001588743,45:596<2
001588744,45:598<4
001588773,49:98<9
001588777,46:607<7
001588805,38:348<7
001588806,47:417<7
001588807,47:327<3
001588809,48:7<7
001588810,48:224<9
001588811,19:334<3
001588820,46:18<7
001588829,48:498<7
001588834,46:239<7
001588835,46:1<9
001588836,41:222<9
001588892,2:2<2
001588900,19:189<4
001588901,19:228<3
001588902,19:329<1
001588903,19:328<3
001588904,18:6<3
001588905,18:321<3
001588910,47:351<2
001588948,45:279<3
001589010,46:332<5
001589011,35:526<7
001589029,46:176<7
001589039,39:331<9
001589050,41:91<9
001589052,44:354<9
001589053,46:526<6
001589054,40:305<9
001589061,45:521<7
001589076,45:370<3
001589079,45:367<3
001589093,36:96<7
001589094,49:96<7
001589107,43:142<9
001589109,45:523<7
001589118,37:275<7
001589122,43:531<9
001589152,36:302<7
001589162,36:322<7
001589165,39:379<3
001589173,41:133<9
001589182,47:22<7
001589387,43:589<2
001589407,9:115<3
001589408,47:419<7
001589413,35:477<7
001589415,37:512<7
001589416,37:581<7
001589418,45:288<7
001589419,38:562<9
001589427,45:161<4
001589429,48:138<9
001589486,28:500<9
001589490,29:605<7
001589496,38:241<1
001589518,45:12<7
001589583,38:273<5
001589771,45:61<4
001589779,19:329<1
001589781,39:431<1
001589793,45:90<9
001589794,43:263<9
001589831,2:17<4
001589838,45:330<7
001589839,45:157<9
001589840,45:259<1
001589841,45:20<2
001589842,43:198<9
001589869,37:648<7
001589870,37:600<7
001589871,37:508<7
001589888,32:23<5
001589889,34:124<7
001589890,34:582<9
001589892,43:268<9
001589893,43:131<9
001589894,43:33<9
001589895,43:7<2
001589896,43:339<7
001589959,42:41<9
001589974,45:40<2
001589975,45:38<3
001589977,43:526<9
001589990,43:22<1
001590014,17:237<3
001590021,44:217<9
001590022,44:160<9
001590023,46:226<7
001590024,46:57<7
001590028,41:531<9
001590038,51:29<4
001590040,48:255<7
001590052,49:519<7
001590054,49:81<7
001590068,36:639<6
001590080,46:337<7
001590084,19:42<1
001590129,38:271<7
001590143,47:120<7
001590144,41:70<9
001590145,39:235<9
001590146,38:213<9
001590147,44:356<7
001590148,44:128<9
001590149,35:26<9
001590160,41:50<9
001590161,38:540<9
001590166,35:493<7
001590188,41:561<9
001590189,35:288<7
001590195,39:499<7
001590196,39:603<9
001590203,19:50<1
001590221,39:418<9
001590222,47:353<7
001590224,40:447<9
001590235,47:68<4
001590237,46:626<3
001590239,47:68<2
001590242,47:2<5
001590272,36:345<7
001590273,36:478<8
001590274,36:311<3
001590280,39:442<7
001590302,46:337<7
001590304,40:40<10
001590317,41:10<9
001590318,42:358<9
001590319,39:14<9
001590321,41:654<5
001590322,41:483<9
001590334,35:498<3
001590371,45:118<9
001590372,45:58<9
001590373,36:137<7
001590374,43:144<9
001590375,43:215<9
001590376,43:273<9
001590377,43:329<9
001590378,35:609<9
001590379,41:217<11
001590380,38:508<9
001590381,41:322<10
001590382,45:630<9
001590383,37:187<7
001590384,38:148<9
001590385,36:22<7
001590386,29:626<7
001590387,29:643<9
001590388,41:636<10
001590393,36:647<9
001590395,45:263<7
001590396,45:4<10
001590397,45:650<7
001590398,45:639<7
001590399,45:347<7
001590400,43:597<10
001590401,44:191<7
001590402,45:66<9
001590420,38:379<7
001590427,45:568<7
001590428,48:70<7
001590429,45:645<7
001590430,49:118<7
001590438,41:406<9
001590439,47:432<7
001590694,35:614<7
001590703,38:616<9
001590710,18:183<1
001590735,45:21<2
001590807,45:609<8
001590825,39:194<7
001590837,36:244<3
001590903,45:129<9
001590904,34:101<7
001590907,35:539<7
001590912,41:644<12
001590921,46:105<2
001590939,35:555<7
001590949,36:148<7
001590950,36:313<7
001590961,41:495<9
001590992,35:107<7
001590993,35:122<7
001590994,35:174<7
001591001,45:340<7
001591054,46:85<7
001591067,41:575<2
001591305,36:218<7
001591373,39:272<3
001591376,36:355<9
001591390,48:604<7
001591393,35:91<9
001591397,44:485<3
001591404,4:100<2
001591414,38:16<9
001591418,45:310<2
001591444,46:191<7
001591463,43:79<9
001591473,46:324<7
001591474,46:279<7
001591475,46:189<7
001591476,46:122<7
001591477,44:622<9
001591481,44:491<9
001591482,39:142<9
001591483,39:632<9
001591485,48:508<9
001591486,39:575<2
001591503,35:229<7
001591507,38:44<9
001591508,47:579<3
001591509,42:535<9
001591618,35:364<7
001591627,46:40<5
001591628,49:98<10
001591629,43:62<5
001591630,45:79<9
001591631,43:476<9
001591632,48:534<1
001591633,3:71<3
001591634,47:462<7
001591635,29:447<9
001591699,43:231<1
001591734,38:409<7
001591735,43:150<9
001591749,36:654<7
001591756,49:209<7
001591835,39:362<9
001591840,41:600<9
001591843,44:270<9
001591844,44:149<9
001591846,33:25<7
001591847,39:233<9
001591848,39:133<9
001591849,38:77<7
001591850,35:176<7
001591851,35:396<7
001591879,47:42<4
001591880,37:21<5
001591884,38:85<2
001591907,36:432<9
001591940,17:66<7
001591941,47:37<8
001591942,47:522<7
001591943,47:211<9
001591945,48:498<7
001591946,48:606<7
001591966,35:581<7
001591980,44:644<2
001591981,45:223<2
001592025,2:183<2
001592026,47:456<7
001592027,48:272<7
001592030,45:537<5
001592040,29:351<9
001592080,35:523<9
001592082,33:39<2
001592085,33:25<7
001592109,36:76<8
001592123,41:87<9
001592124,46:658<7
001592125,46:88<2
001592126,46:325<8
001592128,47:4<3
001592129,41:169<2
001592130,47:31<7
001592131,47:1<2
001592160,35:619<7
001592166,39:564<9
001592294,47:55<3
001592345,19:287<2
001592383,36:659<1
001592694,38:421<5
001592695,38:403<7
001592703,35:16<7
001592704,35:104<9
001592725,43:22<9
001592810,36:595<7
001592818,44:43<1
001592845,46:189<7
001592846,46:616<7
001592849,44:52<9
001592850,47:33<7
001592853,47:528<7
001592854,47:320<7
001592855,48:231<8
001592856,43:88<5
001592857,43:85<9
001592858,44:221<10
001592859,44:500<9
001592860,50:60<7
001592861,50:322<4
001592862,51:347<4
001592886,28:198<10
001592894,44:589<9
001592904,47:641<3
001592927,38:81<9
001592929,36:628<7
001592932,39:609<9
001592933,36:218<7
001592934,34:545<9
001592935,38:181<7
001592936,36:636<7
001592937,39:342<9
001592938,35:619<7
001592939,47:322<7
001592957,35:609<9
001592962,41:585<9
001592968,39:615<7
001593041,43:74<9
001593042,43:131<9
001593043,3:172<9
001593044,43:229<9
001593045,43:293<9
001593046,43:402<7
001593047,36:284<7
001593049,36:424<7
001593054,43:505<9
001593056,35:564<7
001593057,48:141<7
001593058,42:121<9
001593059,42:182<9
001593060,48:27<7
001593061,48:318<7
001593068,40:68<9
001593071,46:243<9
001593072,46:434<7
001593078,41:246<9
001593097,47:180<7
001593099,38:501<9
001593103,45:49<9
001593135,35:598<7
001593138,37:643<9
001593139,35:331<9
001593140,36:238<7
001593141,36:241<1
001593146,44:356<7
001593147,46:365<7
001593148,44:480<9
001593149,41:409<7
001593150,47:172<7
001593151,47:135<7
001593152,47:66<3
001593154,38:508<9
001593155,39:338<9
001593156,38:387<7
001593157,38:44<9
001593159,40:9<7
001593162,36:623<9
001593166,36:242<9
001593167,37:646<9
001593169,45:118<9
001593170,37:536<9
001593171,37:370<7
001593175,37:412<9
001593176,43:259<9
001593277,41:189<7
001593278,41:598<10
001593279,48:407<7
001593308,38:161<7
001593327,44:589<3
001593378,38:618<9
001593508,43:318<7
001593509,43:124<9
001593560,37:628<19
001593561,37:639<9
001593562,37:37<8
001593715,45:7<7
001593741,36:580<7
001593744,38:216<9
001593749,43:468<9
001593750,44:272<9
001593751,43:621<9
001593752,45:45<9
001593753,45:107<9
001593754,45:190<9
001593755,45:203<9
001593761,42:494<7
001593762,42:171<5
001593772,43:237<14
001593773,43:31<5
001593774,43:7<2
001593827,39:574<2
001593858,36:403<9
001593859,36:218<7
001593883,44:510<9
001593888,45:88<9
001593896,39:235<10
001593898,37:600<7
001593899,35:274<7
001593908,38:6<9
001593911,38:146<9
001593918,37:1<9
001593955,36:46<7
001593970,38:31<7
001593982,39:455<5
001593983,39:383<2
001593984,39:227<7
001593985,39:6<11
001593987,38:372<9
001593988,38:282<5
001593989,38:263<7
001594000,47:581<10
001594001,47:566<2
001594002,47:300<7
001594003,47:193<10
001594010,42:608<5
001594011,42:95<7
001594012,42:47<9
001594013,42:67<7
001594014,42:17<7
001594022,17:333<1
001594029,35:424<2
001594030,35:495<7
001594053,33:202<7
001594059,38:33<9
001594072,35:370<7
001594073,35:59<7
001594077,41:518<10
001594091,48:573<9
001594125,1933:596<7
001594126,39:451<7
001594135,47:129<9
001594168,47:20<7
001594187,43:189<9
001594197,44:115<9
001594198,46:612<4
001594199,46:335<9
001594200,46:327<1
001594201,46:309<7
001594202,46:477<7
001594203,44:649<9
001594204,44:612<10
001594214,44:515<9
001594215,44:406<9
001594230,44:653<9
001594262,47:139<3
001594263,47:63<4
001594264,47:16<2
001594273,40:437<7
001594279,46:286<7
001594282,51:252<4
001594293,32:536<7
001594313,49:23<7
001594314,49:213<9
001594315,49:125<4
001594333,38:109<5
001594422,36:1
001594501,36:565<7
001594585,38:398<9
001594588,37:427<9
001594603,36:533<9
001594610,49:16<7
001594611,4:303<2
001594623,29:427<9
001594639,42:91<9
001594640,42:110<7
001594641,39:557<9
001594657,49:207<7
001594658,49:521<10
001594659,49:94<7
001594660,49:454<7
001594661,50:294<4
001594687,19:299<2
001594688,38:311<9
001594695,48:251<7
001594696,47:498<7
001594697,47:546<7
001594698,40:123<9
001594702,3:235<3
001594704,38:521<9
001594706,47:85<7
001594707,47:146<6
001594738,45:336<7
001594761,37:432<9
001594762,43:397<9
001594765,36:229<7
001594772,50:231<4
001594784,29:16<9
001594791,44:558<9
001594792,44:620<9
001594793,44:633<10
001594794,46:63<9
001594795,46:550<6
001594796,46:586<4
001594797,46:304<7
001594825,45:27<2
001594829,38:340<7
001594830,38:475<9
001594831,43:46<7
001594847,33:458<7
001594890,44:290<7
001594891,45:153<9
001594903,49:77<7
001594929,41:497<9
001594932,47:325<7
001594938,43:520<9
001594958,41:452<9
001594961,29:103<4
001594969,49:602<7
001594970,49:333<3
001594971,49:474<7
001594974,45:232<7
001594975,47:353<4
001594976,45:183<7
001594977,45:170<7
001594978,45:196<7
001594979,45:199<7
001594980,45:220<7
001594981,45:220<7
001594982,45:209<7
001594983,45:245<7
001595009,45:142<9
001595011,50:94<6
001595024,36:338<7
001595029,4:53<2
001595039,46:279<7
001595040,46:6<7
001595041,41:241<11
001595042,41:627<9
001595043,41:585<9
001595053,36:289<7
001595069,48:502<7
001595076,34:647<9
001595079,38:170<9
001595081,19:168<1
001595091,45:122<2
001595102,36:48<7
001595111,18:302<2
001595118,47:224<5
001595121,43:591<5
001595139,43:589<2
001595151,34:549<9
001595154,38:157<9
001595192,44:439<9
001595216,36:212<7
001595233,43:282<9
001595276,36:322<7
001595403,49:493<7
001595430,39:529<7
001595436,39:609<9
001595521,49:137<9
001595522,19:242<7
001595526,45:539<7
001595528,35:565<1
001595571,43:64<9
001595573,34:182<1
001595690,38:551<10
001595784,48:197<7
001595785,48:217<7
001595811,45:508<9
001595942,46:70<7
001595943,46:180<9
001595944,46:115<9
001595946,45:508<9
001595947,42:494<9
001595948,33:86<7
001596013,9:284<1
001596109,51:115<4
001596110,51:111<4
001596111,51:249<4
001596112,51:246<4
001596113,1:191<3
001596114,51:184<3
001596147,51:143<3
001596251,52:69<4
001596252,52:56<4
001596253,52:20<4
001596254,52:11<4
001596255,52:5<3
001596256,52:344<3
001596257,52:210<4
001596259,51:152<4
001596260,51:104<4
001596263,52:240<4
001596264,52:215<4
001596265,52:84<4
001596266,52:268<4
001596267,52:298<4
001596276,43:343<9
001596319,46:256<9
001596324,44:84<1
001596371,9:66<3
001596372,9:261<3
001596374,17:82<1
001596375,42:78<9
001596379,39:14<1
001596380,39:388<7
001596381,39:537<3
001596391,45:58<9
001596410,50:368<4
001596421,39:392<7
001596426,49:92<7
001596437,44:646<2
001596439,46:637<4
001596540,45:358<7
001596541,45:316<7
001596542,45:362<7
001596543,45:647<9
001596544,45:459<9
001596545,45:397<7
001596546,45:453<7
001596547,45:371<7
001596548,45:551<7
001596549,45:377<7
001596550,45:641<7
001596551,45:320<10
001596552,45:323<7
001596553,45:399<7
001596554,45:630<9
001596555,45:500<7
001596556,45:457<3
001596557,45:405<7
001596558,45:526<7
001596559,45:431<7
001596560,45:532<7
001596566,50:109<2
001596567,50:248<4
001596589,32:58<7
001596620,45:349<5
001596681,1938:242<2
001596689,41:562<2
001596704,39:49<7
001596781,36:560<9
001596782,36:553<5
001596783,36:641<7
001596794,50:331<4
001596810,36:351<7
001596811,36:368<2
001596812,36:410<9
001596814,36:242<7
001596815,36:271<5
001596841,43:526<9
001596843,45:45<9
001596864,38:218<7
001596892,35:172<7
001596903,48:513<7
001596911,41:18<9
001596932,43:83<3
001596933,37:521<7
001596934,37:628<9
001596937,47:18<7
001596993,47:87<5
001596994,19:280<1
001597003,47:157<4
001597021,43:575<9
001597022,45:88<4
001597059,41:611<10
001597061,41:150<9
001597083,45:634<2
001597084,45:599<2
001597085,45:553<3
001597086,45:545<3
001597087,45:564<5
001597088,45:509<2
001597089,45:457<7
001597090,45:421<3
001597093,50:283<4
001597094,50:83<7
001597095,50:228<2
001597096,50:550<4
001597097,50:608<4
001597123,46:35<7
001597124,46:89<7
001597125,46:261<7
001597127,46:650<4
001597137,28:1<7
001597144,50:57<1
001597145,50:70<3
001597146,50:148<3
001597147,50:185<185
001597148,50:248<3
001597149,50:524<4
001597150,50:536<4
001597151,50:542<4
001597152,50:56<2
001597153,50:216<6
001597154,50:519<2
001597155,50:533<2
001597156,50:555<2
001597157,50:606<3
001597158,50:222<6
001597159,50:198<3
001597160,50:379<4
001597161,50:596<4
001597184,48:561<4
001597238,36:337<1
001597308,44:593<9
001597310,28:429<9
001597341,45:470<9
001597342,45:349<7
001597367,41:152<7
001597418,45:10<7
001597419,45:289<7
001597442,43:371<7
001597445,37:514<17
001597446,37:503<9
001597452,15:275<17
001597459,46:581<6
001597477,37:525<9
001597478,43:109<9
001597479,43:98<9
001597480,34:71<7
001597483,33:458<7
001597484,41:128<8
001597527,35:493<7
001597534,9:24<9
001597535,9:173<3
001597546,28:81<9
001597547,18:217<5
001597554,47:273<4
001597556,47:350<3
001597557,47:494<7
001597565,39:588<5
001597581,38:628<10
001597625,47:63<7
001597754,44:128<9
001597755,36:491<8
001597789,45:66<9
001597794,39:344<1
001597824,37:108<7
001597825,47:588<5
001597826,43:601<1
001597827,43:31<7
001597828,35:656<7
001597838,35:639<10
001597853,46:252<7
001597866,39:604<3
001597875,41:326<4
001597880,37:602<9
001597899,45:360<2
001597908,48:120<7
001597914,47:328<2
001597923,39:340<5
001597930,44:3<9
001597960,47:191<7
001597961,45:132<5
001597963,35:541<7
001598001,36:48<7
001598010,2:227<2
001598011,47:294<2
001598013,45:318<7
001598014,47:187<2
001598034,36:76<8
001598035,36:122<8
001598039,43:422<9
001598040,43:610<9
001598045,36:386<7
001598075,17:193<1
001598086,46:322<7
001598087,46:128<9
001598090,44:622<9
001598112,39:535<9
001598113,39:446<9
001598124,45:153<9
001598125,45:27<9
001598161,41:154<7
001598162,45:1<9
001598170,20:108<3
001598230,46:290<7
001598231,41:156<9
001598232,39:366<9
001598235,1:24/34<2
001598238,41:642<9
001598246,42:646<6
001598247,41:1<67
001598255,45:306<2
001598273,43:62<5
001598330,48:249<4
001598333,48:189<4
001598334,48:188<9
001598335,48:225<4
001598336,48:225<3
001598337,3:104<2
001598338,48:257<7
001598339,48:248<9
001598340,45:116<7
001598392,44:1<1
001598406,19:161<1
001598559,35:453<1
001598593,39:68<10
001598596,47:229<4
001598601,42:117<9
001598602,42:80<9
001598603,3:53<2
001598604,48:329<7
001598605,48:288<4
001598606,48:176<4
001598649,45:214<9
001598651,38:185<9
001598652,38:44<9
001598653,38:310<2
001598697,46:20<7
001598699,46:279<7
001598700,46:70<7
001598703,45:1<10
001598724,45:243<9
001598727,36:569<7
001598743,39:617<9
001598757,43:634<9
001598768,43:200<9
001598769,41:487<9
001598770,41:485<9
001598771,43:213<9
001598772,43:560<9
001598773,47:40<4
001598789,51:37<3
001598790,51:10<4
001598799,3:60<3
001598806,37:635<7
001598837,38:18<11
001598838,47:628<7
001598849,34:647<9
001598867,36:610<9
001598880,48:337<7
001598891,39:314<9
001598894,2:278<2
001598896,47:616<7
001598901,37:503<9
001598902,43:304<9
001598910,46:122<7
001598911,46:588<7
001598912,46:35<7
001598918,35:630<7
001598924,39:327<9
001598929,45:49<9
001598930,45:261<7
001598955,44:124<5
001598956,44:115<9
001598964,44:188<10
001598973,43:630<10
001598974,44:519<9
001599067,38:55<9
001599071,44:426<9
001599081,36:362<7
001599095,38:653<5
001599098,24<345
001599126,38:68<9
001599128,39:4<7
001599136,36:212<7
001599137,36:210<7
001599138,36:216<7
001599142,36:503<7
001599145,24:236
001599183,39:368<9
001599184,39:351<9
001599190,38:122<9
001599198,45:52<3
001599210,46:13<9
001599214,36:619<7
001599226,44:132<9
001599227,35:72<9
001599269,36:571<9
001599275,33:204<7
001599278,47:224<2
001599280,46:361<7
001599281,44:615<9
001599286,41:224<9
001599289,43:7
001599290,43:376<7
001599302,45:340<7
001599303,45:261<7
001599304,45:194<9
001599305,45:153<9
001599306,44:478<9
001599307,43:625<9
001599308,43:539<10
001599325,43:309<9
001599336,45:568<7
001599337,45:504<9
001599371,46:204<7
001599372,44:91<1
001599386,41:299<9
001599387,41:261<9
001599388,41:646<7
001599470,36:377<9
001599471,36:317<7
001599474,36:87<7
001599479,38:116<7
001599480,36:628<7
001599481,36:628<7
001599482,38:116<7
001599483,36:163<7
001599502,45:394<9
001599503,45:647<10
001599504,45:536<10
001599505,45:523<10
001599507,45:49<9
001599508,45:36<9
001599509,45:2<7
001599523,46:598<9
001599598,46:48<7
001599603,46:70<7
001599609,39:588<9
001599612,47:522<7
001599637,33:208<9
001599644,35:592<7
001599658,44:502<9
001599662,41:135<9
001599673,38:514<9
001599674,38:510<7
001599682,50:174<2
001599683,51:148<5
001599688,35:539<7
001599712,44:400<9
001599718,44:500<9
001599757,45:347<7
001599758,45:534<9
001599759,45:581<7
001599809,45:167<4
001599810,45:136<9
001599811,45:134<5
001599812,45:127<7
001599813,45:118<9
001599814,45:108<4
001599817,45:120<9
001599818,38:454<9
001599819,38:31<9
001599820,38:53<9
001599821,38:499<9
001599824,10:191<1
001599837,46:26<5
001599838,44:524<6
001599839,48:482<1
001599840,48:456<1
001599870,43:416<9
001599871,43:369<9
001599872,43:333<9
001599873,37:21<10
001599874,37:108<9
001599875,37:499<9
001599877,47:376<9
001599878,47:368<7
001599879,47:344<7
001599880,47:333<7
001599881,47:228<9
001599882,47:222<7
001599886,48:188<9
001599897,48:612<1
001599905,47:607<1
001599910,39:338<9
001599911,40:62<9
001599912,37:346<7
001599913,47:170<4
001599918,48:457<4
001599921,48:305<7
001599922,42:618<10
001599924,48:193<7
001599925,44:28<7
001599926,44:330<9
001599927,44:354<9
001599928,44:384<9
001599929,44:22<9
001599932,46:592<7
001599933,46:545<7
001599934,46:59<7
001599935,43:299<9
001599936,43:290<9
001599937,43:266<6
001599938,43:244<7
001599939,43:237<9
001599940,43:224<9
001599941,43:135<9
001599942,43:205<6
001599943,43:25<7
001599944,43:23<6
001599945,34:472<7
001599946,34:29<7
001599947,49:155<7
001599948,49:99<4
001599949,49:38<7
001599950,49:3<7
001599951,43:132<2
001599952,43:10<6
001599986,47:588<7
001599987,47:553<7
001599990,47:543<5
001599996,39:342<9
001599997,39:621<9
001600024,45:171<6
001600025,45:168<9
001600027,39:583<9
001600028,39:344<9
001600029,38:155<7
001600030,38:168<7
001600034,45<7
001600035,45:312<7
001600036,45:308<6
001600037,45:180<4
001600054,41:133<9
001600056,35:344<9
001600062,45:32<10
001600065,47:620<4
001600081,39:651<9
001600082,39:36<7
001600085,43:650<5
001600097,43:562<9
001600099,47:471<7
001600102,36:518<7
001600104,36:532<1
001600105,36:504<7
001600106,42:595<5
001600115,38:270<7
001600155,38:146<9
001600157,36:501<7
001600164,47:213<7
001600173,47:187<7
001600174,47:169<9
001600175,47:183<4
001600176,2:13<3
001600177,47:27<4
001600180,41:68<7
001600181,41:50<9
001600185,41:91<10
001600186,41:1<68
001600198,38:595<9
001600199,38:558<9
001600200,38:469<7
001600213,47:202
001600238,35:381<9
001600285,9:241<6
001600291,40:410<9
001600293,9:247<6
001600356,46:649<9
001600357,44:591<9
001600361,44:384<9
001600462,18:298<2
001600465,39:396<9
001600494,19:52<1
001600521,11:243<6
001600533,12:211<6
001600541,35:639<9
001600672,43:292<2
001600694,43:453<5
001600735,45:403<7
001600866,43:369<9
001600867,43:565<9
001600874,43:367<9
001600914,18:298<2
001600982,36:366<7
001601033,15:2<1
001601047,38:377<7
001601145,43:472<9
001601152,46:230<31
001601154,35:500<7
001601156,1:63<2
001601158,24:219<1
001601159,47:275<2
001601185,41:501<7
001601186,44:473<9
001601187,43:198<9
001601188,43:395<9
001601214,47:607<8
001601215,45:536<9
001601216,44:474<5
001601217,43:554<9
001601218,43:526<7
001601219,41:104<10
001601220,44:84<12
001601221,44:439<7
001601222,38:591<3
001601224,36:288<7
001601225,47:87<5
001601226,37:501<9
001601227,39:55<7
001601228,39:44<7
001601229,39:44<1
001601230,39:70<9
001601231,39:43<1
001601232,46:588<4
001601233,35:547<9
001601234,35:603<7
001601235,45:310<7
001601236,36:621<6
001601237,36:548<68
001601238,36:589<5
001601239,38:33<9
001601275,47:228<4
001601286,44:478<9
001601292,45:527<3
001601310,1:219<2
001601311,46:457<9
001601319,36:443<7
001601320,36:450<7
001601327,36:516<7
001601335,36:210<7
001601336,36:228<1
001601337,36:269<9
001601343,47:117<9
001601365,46:335<9
001601367,48:457<4
001601368,48:457<4
001601369,48:74<9
001601373,35:545<1
001601382,35:344<9
001601383,35:579<7
001601389,36:37<9
001601391,36:555<7
001601392,36:655<1
001601393,36:654<7
001601394,36:623<20
001601395,36:566<1
001601396,36:602<7
001601397,36:564<1
001601400,36:546<9
001601401,38:361<7
001601402,47:451<7
001601403,47:440<9
001601407,38:577<9
001601408,38:482<9
001601414,38:626<10
001601417,39:551<7
001601418,41:531<9
001601438,46:489<6
001601440,45:271<7
001601441,45:190<9
001601442,45:134<5
001601443,45:94<9
001601444,45:172<2
001601445,45:120<9
001601446,45:141<4
001601453,47:586<7
001601454,47:607<5
001601455,47:307<7
001601456,2:142<2
001601457,47:325<7
001601465,29:467<7
001601470,47:556<4
001601471,2:252<3
001601475,19:267<2
001601476,9:169<3
001601477,9:24<9
001601521,38:174<13
001601526,35:654<7
001601673,50:79<7
001601681,43:299<9
001601682,43:205<6
001601683,49:73<4
001601687,43:190<2
001601709,9:210<1
001601711,37:215<17
001601720,47:466<10
001601721,47:491<9
001601722,47:489<7
001601723,2:218<3
001601724,47:479<3
001601725,47:502<7
001601734,47:518<3
001601735,47:193<10
001601797,3:15<3
001601798,3:14<3
001601799,46:566<7
001601801,48:301<4
001601802,39:407<10
001601804,39:423<9
001601805,39:453<9
001601806,39:475<9
001601807,1:39<2
001601808,39:381<9
001601809,39:276<7
001601810,39:250<9
001601813,39:459<10
001601893,47:300<7
001601898,45:69<4
001601899,1937:79<9
001601905,18:56<2
001601917,18:69<1
001602036,1928:482<7
001602057,36:35<7
001602066,45:466<9
001602076,45:639<7
001602086,36:76<8
001602138,46:245<9
001602141,48:96<7
001602145,48:92<7
001602161,46:169<10
001602162,46:135<7
001602178,42:3<7
001602187,3:3<3
001602192,17:350<4
001602193,17:159<1
001602195,19:1<3
001602197,17:292<4
001602201,1:101<2
001602202,35:550<7
001602203,35:553<7
001602204,35:553<7
001602205,46:294<9
001602206,1:153<2
001602207,38:46<7
001602208,38:441<7
001602209,38:407<7
001602233,38:64<9
001602272,38:189<9
001602276,38:577<9
001602279,24:269<1
001602293,38:562<9
001602297,47:218<4
001602335,39:23<5
001602336,39:410<7
001602337,48:422<7
001602338,48:139<3
001602339,39:23<5
001602374,49:137<9
001602388,43:645<4
001602405,38:75<7
001602451,36:380<4
001602457,38:9<7
001602458,38:2<7
001602461,48:3<7
001602466,51:182<5
001602489,35:253<7
001602546,36:309<7
001602558,38:66<9
001602592,38:569<9
001602593,47:396<1
001602594,2:86<3
001602595,2:86<3
001602596,39:68<10
001602601,44:497<1
001602605,51:179<4
001602616,39:623<9
001602617,39:431<9
001602618,39:60<9
001602619,45:198<2
001602620,45:68<10
001602621,45:14<7
001602622,43:640<10
001602623,43:463<9
001602626,46:624<3
001602627,44:629<9
001602686,47:630<7
001602696,35:583<3
001602697,35:126<7
001602698,46:189<7
001602701,50:129<3
001602714,1:135<2
001602716,46:475<7
001602717,1:228<2
001602719,35:150<13
001602723,24:74<1
001602750,43:608<4
001602753,47:622<7
001602799,2:116<3
001602802,39:459<9
001602803,35:601<7
001602805,47:79<3
001602854,46:406<9
001602857,46:286<5
001602858,46:96<7
001602861,1:130<2
001602862,46:636<9
001602865,39:527<9
001602867,45:311<4
001602869,47:605<7
001602876,38:49<8
001602878,47:178<7
001602879,47:102<7
001602881,47:292<7
001602882,47:260<7
001602909,35:596<9
001602910,35:570<9
001603083,19:328<2
001603106,41:167<9
001603154,43:511<2
001603155,43:516<2
001603156,43:537<1
001603183,32:497<7
001603220,1:24<1
001603221,46:332<4
001603222,46:329<5
001603223,46:329<5
001603224,46:327<7
001603225,46:327<5
001603226,46:327<2
001603227,46:325<7
001603228,46:324<7
001603229,46:324<7
001603230,46:324<5
001603231,46:325<7
001603232,46:327<7
001603233,1:161<2
001603261,28:578<9
001603277,35:150<14
001603287,51:278<5
001603288,29:463<7
001603293,32:392<7
001603294,32:154<7
001603295,34:167<1
001603322,48:370<7
001603344,45:601<9
001603347,46:292<1
001603348,46:322<5
001603349,46:319<1
001603350,46:302<7
001603351,1:163<2
001603352,1:70<2
001603354,41:146<9
001603355,41:143<7
001603356,41:128<5
001603369,49:7<5
001603370,4:128<2
001603371,43:155<9
001603372,43:244<7
001603373,47:94<7
001603375,43:176<7
001603397,43:289<2
001603399,34:268<7
001603401,45:259<7
001603406,40:95<3
001603414,45:310<7
001603415,46:586<4
001603416,46:599<4
001603417,46:268<7
001603442,39:313<3
001603444,38:314<7
001603445,46:320<4
001603446,45:320<6
001603449,46:596<7
001603453,19:200<1
001603454,19:304<1
001603455,18:56<1
001603479,19:317<1
001603482,19:45<1
001603548,46:169<9
001603557,29:80<4
001603558,29:69<9
001603565,39:649<9
001603566,39:379<7
001603570,19:57<1
001603571,19:64<1
001603580,46:176<7
001603581,46:207<5
001603582,46:219<12
001603583,46:170<6
001603585,47:53<5
001603641,39:507<9
001603642,36:319<9
001603650,24:43<2
001603675,44:106<9
001603677,48:374<7
001603704,18:171<5
001603705,19:302<2
001603706,18:156<1
001603707,47:128<7
001603778,38:275<9
001603784,44:642<9
001603866,48:72<7
001603872,35:130<9
001603873,46:116/234<2
001603874,46:109<7
001603881,47:14<5
001603894,21:128<3
001603965,39:161<1
001603976,39:70<1
001603977,3:86<2
001603980,3:108<3
001603985,38:133<2
001603986,38:275<7
001603987,38:235<7
001604117,46:16<7
001604125,4:131<2
001604126,39:592<9
001604127,35:521<7
001604214,38:142<5
001604272,48:40<7
001604275,46:543<2
001604276,3:251<2
001604281,27:289<3
001604283,47:445<7
001604284,47:511<7
001604292,49:7<9
001604294,38:478<4
001604300,9:149<1
001604304,36:317<7
001604305,36:484<9
001604319,17:191<4
001604337,29:630<7
001604338,46:157<5
001604340,36:53<2
001604342,36:590<2
001604343,44:86<2
001604344,44:74<7
001604388,36:397<7
001604389,44:48<9
001604390,44:39<9
001604391,44:123<8
001604392,47:131<5
001604395,49:88<5
001604396,37:179<2
001604402,38:133<7
001604407,44:475<2
001604416,33:9<7
001604417,33:23<7
001604418,28:358<10
001604419,28:427<9
001604420,33:647<7
001604421,33:356<7
001604422,47:318<3
001604423,47:292<5
001604424,47:290<2
001604457,39:81<10
001604893,36:457<4
001604904,17:111<4
001604911,45:36<9
001604921,49:213<9
001604929,47:491<9
001604930,47:646<3
001604931,2:288<3
001604965,47:633<3
001604967,39:462<9
001604968,39:464<9
001604978,41:495<9
001604979,41:627<10
001604980,41:640<10
001604981,43:549<9
001605128,2:107<3
001605132,48:415<7
001605137,39:609<9
001605141,44:504<9
001605142,44:121<7
001605149,38:588<7
001605155,48:145<7
001605156,44:132<7
001605157,44:165<9
001605158,44:523<7
001605159,44:521<9
001605160,45:173<10
001605161,47:109<7
001605162,39:568<5
001605166,44:123<10
001605190,32:644<9
001605191,39:549<7
001605192,48:167<8
001605194,45:575<7
001605196,17:146<4
001605212,41:559<9
001605316,36:143<8
001605388,39:66<9
001605396,38:551<1
001605397,38:515<5
001605402,42:163<1
001605585,34:656<7
001605655,46:243<9
001605656,1:127<2
001605701,1:131<2
001605713,40:194<9
001605736,42:586<9
001605746,44:215<7
001605748,35:641<10
001605767,45:27<9
001605803,38:179<9
001605829,39:96<9
001605848,37:575<9
001605856,41:327<10
001605912,38:398<9
001605913,38:396<9
001605914,38:235<9
001605915,44:432<9
001605924,39:429<9
001605934,44:139<9
001605946,34:112<7
001605958,44:89<9
001605960,43:14<9
001605998,15:62<2
001606000,47:284<7
001606001,47:262<5
001606002,47:260<7
001606003,47:220<7
001606004,2:98<2
001606005,47:204<10
001606006,2:149<2
001606029,46:562<7
001606033,39:499<7
001606035,39:181<5
001606036,39:379<9
001606038,46:16<7
001606059,35:111<7
001606127,35:85<7
001606128,35:603<7
001606129,35:488<7
001606130,35:491<7
001606131,35:383<7
001606132,35:409<7
001606133,35:440<7
001606134,5:301<5
001606135,35:233<9
001606136,35:195<7
001606137,44:65<9
001606138,43:619<9
001606139,45:209<9
001606140,45:113<2
001606141,45:88<9
001606142,47:63<7
001606143,47:169<9
001606144,47:113<7
001606146,43:378<9
001606147,43:308<9
001606148,34:523<10
001606149,34:310<9
001606150,34:270<9
001606151,34:256<7
001606152,34:214<7
001606153,34:71<7
001606154,32:504
001606155,37:562<9
001606156,37:213<7
001606157,37:151<10
001606168,38:551<9
001606169,38:614<9
001606170,38:628<10
001606171,38:490<9
001606268,51:148<4
001606309,36:634<7
001606316,36:111<7
001606331,38:137<9
001606333,38:142<5
001606334,38:166<7
001606335,38:183<7
001606336,38:70<9
001606337,38:79<9
001606338,38:111<5
001606340,20:134<3
001606385,51:342<3
001606386,51:348<1
001606453,43:580<7
001606454,43:614<7
001606455,41:204<9
001606456,41:156<10
001606457,41:572<9
001606482,40:247<6
001606483,40:250<7
001606493,33:79<7
001606494,18:62<5
001606497,51:137<4
001606498,51:245<5
001606557,36:227<7
001606558,40:222<10
001606559,36:491<8
001606560,9:130<1
001606561,36:366<7
001606579,33:217<9
001606580,19:48<1
001606581,33:356<7
001606585,18:226<1
001606627,41:615<9
001606633,49:550<7
001606662,45:304<2
001606736,1939:647<7
001606746,42:440<7
001606752,47:120<7
001606789,41:481<2
001606790,41:484<3
001606829,34:287<7
001606830,43:9<7
001606836,50:368<4
001606837,51:112<4
001606839,35:342<7
001606848,46:133<7
001606851,47:113<7
001606857,38:545<10
001606860,47:555<10
001606861,47:562<7
001606865,38:309<7
001606866,38:211<9
001606867,38:62<7
001606870,39:507<9
001606871,48:210<7
001606872,48:521<10
001606874,48:365<11
001606987,39:531<7
001606988,39:529<7
001607003,41:344<2
001607013,39:527<9
001607014,39:181<7
001607015,49:255<7
001607017,49:300<7
001607018,32:115<3
001607020,45:55<10
001607021,45:207<9
001607057,50:99<7
001607058,50:449<2
001607060,45:641<7
001607061,51:239<4
001607064,51:292<4
001607068,52:260<4
001607071,50:145<2
001607075,45:634<9
001607087,50:337<2
001607102,41:654<10
001607105,50:198<2
001607112,43:520<9
001607113,43:513<9
001607118,28:71<10
001607124,39:577<9
001607128,45:553<7
001607150,45:617<5
001607154,45:592<7
001607198,40:556<9
001607199,40:460<9
001607200,40:212<7
001607201,40:190<7
001607202,40:186<9
001607203,40:121<3
001607215,50:92<6
001607232,45:634<9
001607253,45:375<7
001607254,50:14<7
001607255,52:339<5
001607257,50:353<4
001607259,52:137<2
001607262,50:66<7
001607275,47:235<4
001607276,47:260<7
001607277,45:515<7
001607288,52:316<2
001607289,45:318<4
001607321,51:262<4
001607381,45:561<2
001607382,45:570<7
001607436,52:149<3
001607440,45<10
001607443,50:164<7
001607458,45:377<7
001607462,52:289<4
001607464,50:211<6
001607473,50:132<2
001607476,45:544<2
001607491,45:600<2
001607492,50:351<2
001607493,50:353<2
001607553,45:601<7
001607554,45:567<2
001607555,45:541<7
001607556,45:523<4
001607557,45:510<7
001607558,45:489<5
001607560,45:508<7
001607561,45:488<7
001607562,45:466<9
001607563,45:458<6
001607564,45:440<5
001607575,52:75<3
001607597,50:392<5
001607598,50:205<3
001607613,45:647<9
001607614,45:497<9
001607617,50:25<3
001607622,45:513<5
001607675,50:4<2
001607677,51:302<4
001607683,52:247<4
001607684,50:101<6
001607698,50:624<4
001607731,45:381<10
001607735,50:63<2
001607772,51:105<4
001607781,52:9<3
001607789,50:261<4
001607791,45:466<9
001607799,52:190<4
001607800,52:154<4
001607801,51:92<4
001607808,38:200<7
001607836,43:118<4
001607837,43:144<9
001607838,43:176<9
001607842,47:167<7
001607851,45:250<7
001607854,37:67<7
001607855,37:334<7
001607856,49:51<7
001607859,52:285<3
001607864,51:94<4
001607879,45:621<9
001607896,45:208<9
001607897,45:401<7
001607926,45:645<5
001607927,45:650<4
001607928,45:598<7
001607929,45:576<2
001607930,45:449<7
001607931,45:318<5
001607932,45:316<5
001607983,50:177<7
001607984,50:105<6
001607995,50:109<2
001607997,50:23<7
001608003,51:138<4
001608004,50:5<7
001608016,50:167<2
001608042,4:82<2
001608043,4:167<2
001608044,45:56<3
001608045,2:24<3
001608047,47:244<7
001608061,50:96<5
001608075,50:16<7
001608082,50:458<4
001608085,45:494<4
001608086,50:605<1
001608095,45:397<4
001608100,45:328<7
001608115,51:80<5
001608130,51:232<4
001608140,45:403<4
001608141,50:396<3
001608144,45:521<7
001608145,45:528<4
001608146,51:322<4
001608150,38:208<2
001608151,38:194<5
001608152,38:192<9
001608169,50:620<5
001608207,50:294<4
001608208,45:581<7
001608212,50:190<5
001608213,52:126<1
001608216,50:125<7
001608222,45:652<5
001608225,45:324<7
001608227,51:118<4
001608237,50:458<5
001608240,45:543<8
001608248,52:204<4
001608249,50:582<4
001608250,45:543<9
001608286,50:21<7
001608293,45:523<10
001608303,50:44<7
001608310,50:57<7
001608361,45:619<7
001608373,50:210<2
001608377,51:292<4
001608379,45:420<6
001608380,45:392<5
001608435,39:420<9
001608450,39:88<9
001608451,39:357<1
001608452,39:4<7
001608536,39:2<2
001608537,48:604<7
001608538,48:16<7
001608596,50:290<4
001608619,42:619<5
001608620,42:616<9
001608621,42:235<7
001608622,42:632<9
001608653,45:353<7
001608669,52:86<3
001608670,51:152<4
001608671,52:343<4
001608696,50:598<2
001608698,52:248<3
001608706,52:197<4
001608707,52:242<4
001608724,50:22<2
001608726,52:246<3
001608727,51:318<6
001608733,52:96<3
001608764,50:125<7
001608790,52:194<4
001608797,45:539<5
001608867,51:92<4
001608995,38:151<2
001609092,41:6<7
001609134,19:93<2
001609136,33:110<7
001609137,19:89<3
001609143,34:595<9
001609145,38:603<9
001609152,44:107<2
001609153,44:170<3
001609156,44:180<9
001609158,41:625<9
001609161,47:300<3
001609206,46:341<9
001609207,39:381<9
001609208,46:107<7
001609209,46:528<6
001609211,46:378<7
001609212,46:354<5
001609213,46:346<7
001609215,50:554<4
001609229,24:141
001609234,36:546<9
001609236,51:309<4
001609258,43:129<9
001609283,42:389<7
001609288,38:421<7
001609290,49:114<7
001609390,47:305<7
001609535,26:247<3
001609547,46:607<7
001609566,47:303<3
001609749,39:407<9
001609946,18:52<1
001609994,35:412<7
001609995,35:76<9
001610002,45:222<2
001610003,43:224<9
001610004,37:187<7
001610007,43:640<7
001610051,45:77<7
001610052,43:652<2
001610059,41:591<5
001610060,41:386<1
001610061,41:593<4
001610062,41:327<7
001610063,41:485<9
001610064,41:592<3
001610065,41:583<3
001610066,41:591<5
001610067,41:593<7
001610068,41:215<4
001610069,41:589<3
001610080,48:541<7
001610084,39:494<2
001610086,46:616<7
001610124,46:222<7
001610130,35:48<7
001610131,39:494<2
001610133,39:499<2
001610138,39:192<2
001610144,35:216<7
001610154,46:254<7
001610155,46:297<7
001610156,46:294<9
001610169,43:113<10
001610176,29:4<9
001610177,29:592<7
001610178,43:57<4
001610179,41:83<7
001610180,47:159<7
001610186,38:396<9
001610187,33:92<2
001610189,28:185<9
001610190,28:68<9
001610197,44:223<6
001610198,38:157<4
001610200,36:658<3
001610201,36:37<9
001610202,36:74<4
001610206,36:89<7
001610207,36:368<5
001610208,36:419<2
001610210,28:427<3
001610213,34:220<7
001610214,47:239<2
001610215,44:624<7
001610240,35:618<10
001610241,35:601<7
001610266,47:551<7
001610340,39:44<9
001610341,39:135<10
001610342,39:247<9
001610380,48:482<9
001610508,36:412<9
001610517,47:267<4
001610541,38:523<9
001610547,2:260<3
001610549,36:615<7
001610600,45:534<9
001610601,45:547<9
001610602,45:617<7
001610603,45:557<7
001610614,44:599<10
001610669,47:262<2
001610685,40:638<3
001610697,35:342<7
001610719,49:508<3
001610723,41:591<1
001610734,49:417<3
001610736,36:621<3
001610798,39:342<9
001610799,39:546<10
001610800,48:189<4
001610801,48:275<3
001610802,48:238<3
001610803,41:156<1
001610804,48:158<7
001610848,38:353<7
001610874,52:184<3
001610875,52:235<4
001610876,52:142<4
001610877,52:147<3
001610878,52:210<4
001611076,44:615<9
001611078,45:547<10
001611079,45:614<7
001611080,45:611<9
001611081,45:547<7
001611082,45:442<7
001611083,45:652<7
001611084,45:547<7
001611085,45:508<9
001611086,45:513<5
001611087,45:491<4
001611088,45:623<7
001611089,45:584<2
001611090,45:650<7
001611091,45:647<10
001611092,45:545<9
001611093,45:572<9
001611094,45:570<7
001611095,45:617<7
001611096,45:612<1
001611097,45:596<7
001611227,50:617<2
001611228,50:597<2
001611229,50:588<4
001611230,50:588<4
001611231,50:577<2
001611232,50:548<3
001611233,50:533<2
001611234,50:531<2
001611235,50:531<2
001611236,50:526<4
001611237,50:526<4
001611238,50:509<2
001611239,50:509<2
001611240,50:502<2
001611241,50:482<4
001611242,50:467<2
001611243,50:454<5
001611244,50:428<2
001611245,50:415<2
001611246,50:379<4
001611247,50:374<4
001611248,50:361<4
001611249,50:361<4
001611250,50:351<3
001611251,50:350<5
001611252,50:337<5
001611253,50:311<2
001611254,50:288<4
001611255,50:190<6
001611256,50:283<4
001611257,50:256<2
001611258,50:174<2
001611259,19:236<2
001611260,19:190<2
001611261,19:192<2
001611263,19:194<3
001611264,50:119<2
001611265,50:110<3
001611266,50:100<2
001611267,50:47<7
001611268,50:34<7
001611269,50:22<2
001611270,50:170<6
001611271,50:170<6
001611272,50:165<2
001611273,50:144<3
001611274,50:134<2
001611275,50:124<2
001611276,50:18<7
001611277,50:17<2
001611278,50:15<2
001611279,50:15<2
001611280,50:7<2
001611281,50:4<4
001611282,50:1<3
001611373,44:476<9
001611418,15:119<2
001611472,17:340<1
001611474,39:651<9
001611481,35:582<1
001611486,36:234<7
001611720,36:339<11
001611721,36:345<7
001611722,36:294<1
001611723,36:281<9
001611724,36:362<2
001611734,28:403<1
001611778,19:189<1
001611781,19:175<2
001611782,19:189<2
001611792,41:6<9
001611793,41:159<9
001611798,41:477<22
001611800,43:391<2
001611801,43:10<6
001611802,45:190<10
001611804,47:524<7
001611805,47:191<2
001611806,2:151<2
001611807,1:124<2
001612002,47:318<7
001612003,2:136<2
001612004,2:276<2
001612005,47:610<5
001612006,2:272<2
001612007,2:271<2
001612008,2:270<2
001612009,2:267<2
001612010,2:266<2
001612011,47:271<7
001612012,47:496<7
001612013,47:619<10
001612014,47:479<7
001612015,2:281<2
001612016,47:624<7
001612017,2:279<2
001612018,2:279<2
001612023,42:556<3
001612033,39:420<9
001612034,48:42<5
001612036,39:586<2
001612135,38:40<5
001612194,38:148<9
001612195,38:374<2
001612375,44:600<4
001612413,43:335<5
001612425,47:496<7
001612427,39:225<9
001612434,36:403<9
001612436,51:196<5
001612437,52:51<3
001612438,52:336<4
001612452,38:83<1
001612467,47:440<3
001612468,47:440<9
001612471,38:172<3
001612472,36:78<5
001612668,48:5<7
001612670,45:153<9
001612673,48:160<7
001612674,46:279<7
001612675,38:385<9
001612676,29:127<9
001612679,43:44<7
001612680,34:331<7
001612681,43:59<9
001612682,43:133<9
001612685,47:39<9
001612686,2:25<3
001612694,36:649<34
001612696,36:604<6
001612756,38:438<9
001612757,48:139<3
001612765,46:74<7
001612767,38:577<1
001612768,24:294<1
001612775,43:621<9
001612782,38:149<1
001612785,38:142<7
001612791,38:477<9
001612792,38:477<4
001612793,38:467<9
001612799,15:5<44
001612803,47:620<3
001612804,2:135<33
001612806,38:482<5
001612833,46:189<7
001612834,35:349<7
001612835,35:534<9
001612836,35:553<7
001612855,35:622<4
001612856,35:643<5
001612870,39:499<7
001612871,39:401<9
001612876,46:623<2
001612877,51:187<5
001612880,45:572<1
001612881,45:575<7
001612895,52:99<5
001612897,3:283<2
001612898,48:231<8
001613101,46:557<7
001613102,48:109<7
001613107,38:489<1
001614012,44:625<4
001614044,39:390<9
001614045,39:394<7
001614046,39:296<1
001614047,43:638<9
001614048,38:318<7
001614049,38:441<7
001614050,38:11<1
001614051,38:72<7
001614084,36:639<7
001614085,36:615<7
001614096,39:299<7
001614307,24:277<1
001614313,45:7<9
001614360,43:593<9
001614362,36:192<7
001614363,36:277<7
001614371,36:116<1
001614430,36:65<7
001614433,36:137<7
001614434,36:111<5
001614566,36:544<7
001614567,36:174<7
001614623,36:573<9
001614624,36:569<7
001614629,29:382<9
001615275,42:484<9
001615280,49:138<3
001615465,49:547<11
001615466,49:660<5
001615467,43:416<9
001615519,45:43<5
001615520,45:82<4
001615522,36:277<7
001615523,38:279<7
001615524,36:279<1
001615526,36:439<7
001615527,36:355<9
001615528,36:355<9
001615531,19:341<1
001615601,19:347<1
001615602,33:614<7
001615603,28:552<9
001615689,45:586<5
001615706,50:135<2
001615784,50:298<2
001615785,51:349<3
001615792,50:42<7
001615793,50:324<2
001615842,42:56<9
001615843,42:97<9
001615844,42:93<9
001615845,42:188<9
001615847,43:588<14
001615895,41:243<11
001615896,41:182<9
001615897,41:167<12
001615898,41:115<9
001615899,41:104<7
001615900,41:100<9
001615902,41:87<9
001616308,48:23<4
001616687,45:536<10
001616725,50:182<2
001616730,46:48<7
001616732,46:449<7
001616927,46:31<7
001616928,39:496<7
001616929,39:485<4
001617419,48:370<7
001617421,1:115<2
001617422,35:109<3
001617423,51:26<3
001617424,51:32<4
001618097,29:4<9
001618822,45:507<4
001618823,45:512<2
001618824,45:512<2
001618825,45:498<6
001618826,45:506<7
001618827,45:505<4
001618828,45:501<4
001618829,45:490<2
001618830,45:490<2
001618831,45:496<2
001618832,45:490<4
001618833,45:501<2
001618834,45:484<2
001618835,45:488<1
001618836,45:485<7
001618837,45:460<3
001618838,45:452<4
001618839,45:448<2
001618840,45:448<2
001618841,45:445<2
001618842,45:443<2
001618843,45:439<3
001618844,45:437<2
001618845,45:413<2
001618846,45:434<2
001618847,45:424<2
001618848,45:417<2
001618849,45:410<7
001618850,45:402<2
001618851,45:402<2
001618852,45:401<7
001618853,45:400<4
001618854,45:391<4
001618855,45:387<4
001618856,45:383<2
001618857,45:383<2
001618858,45:380<2
001618859,45:380<2
001618860,45:378<2
001618861,45:376<2
001618867,45:635<2
001618868,45:623<10
001618869,45:622<2
001618870,45:624<6
001618871,45:625<2
001618872,45:615<2
001618873,45:612<6
001618874,45:359<4
001618875,45:376<4
001618876,45:378<4
001618877,45:380<4
001618878,45:389<4
001618879,45:393<4
001618880,45:396<2
001618881,45:398<4
001618882,45:656<7
001618883,45:633<2
001618884,45:643<7
001618885,45:3
001618886,45:3<2
001618887,45:3<2
001618888,45:2<2
001618889,45:2<2
001618890,45:639<7
001618891,45:638<2
001618892,45:635<2
001618893,45:633<2
001618894,1937:633<2
001618895,45:631<2
001618896,45:629<2
001618897,45:629<2
001618898,45:623<12
001618899,45:613<2
001618900,45:622<2
001618901,45:618<2
001618902,45:613<2
001618903,45:612<6
001618904,45:611<12
001618905,45:611<11
001618906,45:611<1
001618907,45:610<2
001618908,45:604<2
001618925,45:541<7
001618926,45:569<2
001618927,45:567<4
001618928,45:587<2
001618929,45:607<7
001618930,45:651<2
001618931,45:411<4
001618932,45:413<4
001618933,45:417<4
001618934,45:374<4
001618935,45:422<2
001618936,45:441<4
001618937,45:454<4
001618938,45:461<2
001618939,45:503<4
001618940,45:44<4
001618941,45:416<7
001618942,45:611<4
001618943,45:499<2
001618944,45:496<2
001618945,45:498<2
001618946,45:498<5
001618947,45:511<7
001618948,45:512<2
001618949,45:512<2
001618950,45:518<2
001618951,45:525<2
001618952,45:492<2
001618953,45:415<4
001618954,45:426<4
001618955,45:411<2
001618956,45:404<2
001618957,45:402<4
001618958,45:638<2
001618959,45:606<4
001618960,45:605<7
001618961,43:604<2
001618962,45:593<4
001618963,45:480<2
001618964,45:565<2
001618980,45:445<2
001618981,45:598<10
001618982,45:597<6
001618983,45:595<2
001618984,45:597<2
001618985,45:587<2
001618986,45:595<2
001618987,45:589<2
001618988,45:587<2
001618989,45:582<2
001618990,45:580<2
001618991,45:582<2
001618992,45:578<2
001618993,45:575<2
001618994,45:574<2
001618995,45:569<2
001618996,45:563<4
001618997,45:561<2
001618998,45:558<2
001618999,45:558<2
001619000,45:558<2
001619001,45:556<2
001619002,45:554<6
001619003,45:55<2
001619004,45:547<5
001619005,45:552<4
001619006,45:550<4
001619007,45:547<7
001619008,45:546<2
001619009,45:544<2
001619010,45:543<8
001619011,45:542<2
001619012,45:542<2
001619013,45:538<2
001619014,45:533<4
001619015,45:531<4
001619016,45:533<2
001619017,45:529<2
001619018,45:525<2
001619019,45:518<2
001619020,45:522<2
001619021,45:372<4
001619022,45:372<2
001619023,45:370<2
001619024,45:365<4
001619025,45:365<2
001619026,45:363<4
001619027,45:363<2
001619028,45:361<2
001619029,45:361<2
001619030,45:357<2
001619031,45:359<2
001619032,45:359<2
001619033,45:354<4
001619034,45:350<2
001619035,45:346<4
001619036,45:323<7
001619037,45:322<2
001619038,45:322<2
001619039,45:322<2
001619040,45:319<2
001619041,45:319<2
001619042,43:317<4
001619043,45:317<2
001619044,45:317<2
001619045,45:316<5
001619046,45:315<4
001619047,45:315<2
001619048,45:352<4
001619049,45:439<4
001619050,45:528<7
001619051,45:484<4
001619052,45:458<4
001619053,45:458<4
001619054,45:649<2
001619055,45:636<10
001619056,45:627<4
001619057,45:543<7
001619058,45:467<4
001619059,45:558<2
001619082,45:142<7
001619087,45:556<2
001619088,45:55<4
001619089,45:346<4
001619090,45:348<4
001619091,45:6<2
001619092,45:655<2
001619093,45:638<2
001619094,45:600<2
001619095,45:599<6
001619096,45:318<7
001619576,47:139<6
001619657,52:339<3
001619658,52:191<2
001619659,52:178<4
001619660,52:158<2
001619661,1944:155<4
001619662,52:85<4
001619663,52:18<4
001619664,52:74<4
001619665,52:116<3
001619666,52:120<3
001619667,52:137<4
001619668,1944:192<4
001619669,52:249<3
001619670,52:296<2
001619678,43:101<5
001619697,52:14<4
001619698,52:320<2
001619699,52:28<4
001619705,44:404<4
001619709,46:70<7
001619713,33:443<7
001619714,38:457<3
001619727,9:71<1
001619728,9:110<2
001619731,36:375<7
001619732,36:484<9
001619772,53:22<2
001619773,53:34<3
001619774,53:36<4
001619775,53:80<2
001619795,43:615<5
001619796,41:367<7
001619797,41:281<10
001619798,41:246<10
001619799,41:224<9
001619800,41:200<9
001619801,41:111<9
001619802,41:559<9
001619803,41:536<9
001619804,1933:505<11
001619805,41:501<7
001619806,41:497<9
001619807,43:617<9
001619808,43:628<5
001619809,44:6<6
001619810,44:102<9
001619811,34:317<7
001619812,41:384<7
001620300,41:130<2
001620301,41:130<1
001620302,41:131<2
001620303,41:180<9
001621717,36:606<2
001621719,2:225<2
001621720,15:58<4
001621725,39:274<5
001621726,3:173<6
001621727,39:23<3
001621728,35:585<9
001621729,35:470<17
001621730,45:112<9
001621731,45:116<1
001621732,45:125<9
001621733,45:155<13
001621734,41:480<9
001621736,43:450<9
001621737,43:588<9
001621804,36:39<7
001621966,40:239<7
001622071,40:207<9
001623475,38:606<8
001623477,41:174<9
001623482,47:39<9
001623496,19:29<2
001623498,51:189<5
001623499,19:281<2
001623615,49:324<3
001623616,49:552<7
001623622,47:143<9
001623626,50:222<2
001623641,41:256<1
001623645,47:207<7
001623646,2:238<1
001623652,44:68<3
001623653,47:616<4
001623654,47:614<4
001623655,47:603<6
001623656,47:564<5
001624114,47:651<4
001624115,47:218<3
001624116,47:254<3
001624117,47:282<7
001624118,47:551<7
001624121,50:340<4
001624122,38:83<9
001624123,2:32<2
001624124,45:167<1
001624125,45:228<7
001624126,45:232<6
001624146,35:442<7
001624326,50:433<4
001624337,38:191<1
001624339,39:440<9
001624340,48:493<1
001624342,36:126<7
001624344,19:259<1
001626683,36:449<1
001626684,36:367<1
001626690,38:298<1
001626698,35:636<17
001626701,39:581<9
001626703,43:297<7
001626704,44:523<10
001626721,48:599<5
001626722,35:639<10
001626723,42:203<9
001626727,47:296<5
001626728,2:173<1
001626729,47:394<5
001626731,47:458<5
001626732,47:526<7
001626735,38:144<7
001626736,41:211<11
001627093,1:188<2
001627094,46:65<9
001627095,38:481<1
001627096,39:211<10
001627097,38:174<9
001627101,39:441<2
001627102,39:645<1
001627104,17:191<1
001627187,19:12<1
001627188,38:103<7
001627189,38:94<9
001627190,45:294<10
001627191,45:281<9
001627193,47:466<10
001627202,35:658<15
001627203,45:271<7
001627204,39:218<7
001627260,26:162<1
001627261,43:23<5
001627301,46:159<7
001627303,44:596<3
001627304,44:593<7
001627305,44:644<9
001627314,45:584<2
001627359,45:641<5
001627361,45:598<10
001627384,34:201<7
001627385,34:196<9
001627503,46:313<7
001627504,43:74<9
001627505,43:198<9
001627506,43:204<7
001628129,43:215<7
001628130,43:318<5
001628131,43:339<7
001628132,43:343<5
001628133,43:345<3
001628134,43:350<5
001628135,43:363<9
001628136,43:363<7
001628137,43:367<7
001628138,43:367<9
001628139,43:368<2
001628140,43:373<7
001628141,43:386<7
001628142,43:404<7
001628143,2:132<2
001628144,45:110<9
001628145,45:180<2
001628146,45:186<5
001628147,45:190<9
001628148,45:201<5
001628149,45:231<2
001628151,43:498<9
001628152,41:549<1
001628153,41:644<12
001628154,41:44<9
001628155,44:627<9
001628156,44:625<6
001628157,44:63<186
001628158,44:620<9
001628159,44:615<9
001628160,44:612<7
001628161,47:639<1
001628162,45:555<7
001628163,45:330<7
001628164,45:241<7
001628166,38:304<7
001628316,38:196<5
001628317,38:263<7
001628326,36:171<2
001628328,36:64<3
001628661,41:297<9
001628669,40:443<8
001628671,36:439<7
001628749,44:600<4
001628752,28:110<9
001628757,41:126<9
001628758,38:421<7
001628770,48:472<7
001628771,48:476<7
001628776,38:495<5
001628779,34:302<7
001628780,34:412<7
001628781,43:209<7
001628782,37:263<10
001628786,50:606<3
001628788,48:249<4
001628789,38:511<2
001628790,48:154<7
001628793,43:181<7
001628795,46:63<4
001628807,44:647<5
001628823,38:122<9
001628824,38:224<9
001628825,43:614<9
001628826,51:228<4
001628837,39:379<9
001628879,48:40<7
001628882,47:436<7
001628885,44:515<9
001628886,43:155<9
001628889,47:194<3
001628890,47:394<7
001628891,2:266<3
001628895,52:126<3
001628902,45:310<7
001629006,43:488<3
001629007,43:486<4
001629008,43:453<7
001629009,43:452<2
001629010,43:493<1
001629011,43:539<7
001629012,43:598<3
001629013,43:526<7
001629014,43:578<7
001629017,36:154<7
001629018,36:122<5
001629031,38:417<7
001629076,36:118<2
001629077,36:555<5
001629078,36:172<7
001629079,36:165<5
001629080,36:610<7
001629081,36:588<2
001629082,36:587<3
001629083,36:157<2
001629084,36:637<2
001629085,36:634<5
001629097,43:620<2
001629098,36:163<5
001629099,36:652<5
001629100,36:628<5
001629101,36:560<7
001629102,43:616<3
001629103,43:600<3
001629105,43:569<5
001629106,43:453<7
001629107,43:562<7
001629108,35:550<1
001629110,36:347<7
001629111,36:343<2
001629112,36:261<5
001629113,36:220<7
001629114,36:544<5
001629115,36:538<4
001629116,36:530<2
001629117,36:459<2
001629118,36:446<3
001629119,36:374<2
001629120,36:349<7
001629130,40:177<9
001629189,36:65<3
001629190,38:549<9
001629207,46:477<7
001629242,51:58<3
001629243,40:105<9
001629251,47:150<7
001629288,51:349<3
001629295,47:303<4
001629299,44:221<10
001629321,42:301<9
001629322,42:119<9
001629323,42:86<9
001629324,42:65<9
001629325,42:75<1
001629326,42:78<9
001629327,42:75<9
001629329,42:331<9
001629332,46:288<7
001629333,35:656<7
001629352,46:288<7
001629357,39:318<9
001629358,1:194<2
001629359,46:508<9
001629360,46:126<5
001629361,46:40<6
001629362,1:16<2
001629363,39:509<9
001629364,39:623<9
001629365,1:13<2
001629366,46:8<7
001629369,3:68<3
001629371,46:154<9
001629398,47:549<7
001629399,47:502<7
001629400,47:492<4
001629401,47:417<7
001629402,47:632<5
001629533,36:313<7
001629591,40:646<9
001629600,47:316<4
001629601,47:573<7
001629602,37:123<1
001629605,45:281<9
001629606,45:264<2
001629607,45:253<4
001629608,45:81<11
001629609,45:79<7
001629610,43:266<6
001629657,48:534<9
001629706,45:534<9
001629707,48:35<9
001629708,39:243<7
001629724,43:150<9
001629725,45:112<9
001629728,43:48<9
001629729,43:120<11
001629730,43:129<9
001629731,43:131<9
001629732,43:155<9
001629752,38:346<7
001629753,18:211<1
001629758,18:182<3
001629759,18:26<1
001629778,33:64<7
001629841,41:318<9
001629974,41:143<9
001629975,41:547<9
001629994,47:14<4
001630017,47:218<3
001630018,24:152<7
001630058,47:558<7
001630068,28:226<10
001630093,43:640<9
001630095,41:615<10
001630103,44:195<7
001630104,44:35<9
001630113,24:54<1
001630114,24:149
001630115,24:110<1
001630116,24:10<5
001630129,50:49<7
001630130,47:466<9
001630131,47:535<7
001630133,47:524<7
001630134,36:215<1
001630161,39:516<1
001630164,39:325<2
001630186,46:258<3
001630196,36:281<1
001630198,43:135<7
001630204,42:603<5
001630205,42:619<1
001630206,42:620<1
001630207,42:618<5
001630209,42:599<5
001630210,35:144<7
001630211,43:12<3
001630228,27:301<5
001630230,35:260<2
001630231,35:249<2
001630232,35:249<5
001630233,35:251<1
001630242,45:260<2
001630243,45:265<2
001630244,45:269<2
001630245,45:299<5
001630246,45:231<2
001630247,45:232<9
001630248,45:236<2
001630249,45:239<5
001630250,45:242<4
001630251,45:245<1
001630252,45:245<7
001630253,47:248<5
001630254,29:328<8
001630255,45:268<2
001630256,38:131<2
001630257,36:586<5
001630258,36:560<9
001630275,38:133<7
001630309,35:636<17
001630339,28:563<6
001630368,39:9<2
001630369,41:154<4
001630371,36:32<7
001630376,1:52<2
001630387,36:573<9
001630396,1:156<3
001630407,18:194<1
001630410,2:104<4
001630411,47:204<10
001630412,46:624<4
001630417,45:205<7
001630418,45:220<7
001630424,45:126<2
001630425,43:416<12
001630433,35:605<9
001630435,43:152<6
001630436,43:290<2
001630437,46:131<5
001630439,38:218<1
001630446,91:263<1
001630457,38:646<7
001630458,38:573<5
001630459,38:589<2
001630503,43:509<12
001630505,47:517<2
001630528,26:69<3
001630542,36:540<1
001630563,46:460<4
001630585,27:80<3
001630586,27:102<5
001630587,27:299<2
001630591,26:275<2
001630604,26:101<1
001630605,26:267<3
001630635,46:508<3
001630695,45:289<4
001630696,34:347<7
001630717,44:574<5
001630723,48:649<7
001630724,1:47<2
001630725,46:31<7
001630726,39:529<7
001630732,43:341<9
001630733,43:324<9
001630735,18:73<1
001630736,18:353<83
001630737,18:353<105
001630743,36:331<18
001630757,35:603<7
001630759,38:109<9
001630760,43:514<5
001630761,47:316<3
001630772,37:614<2
001630773,37:615<9
001630796,41:200<9
001630817,35:530<7
001630820,51:208<4
001630835,47:246<7
001630836,47:226<5
001630838,45:32<11
001630840,36:345<7
001630841,43:608<1
001630842,45:19<7
001630848,45:75<9
001630849,45:133<9
001630850,49:72<10
001630851,45:95<4
001630852,36:521<2
001630856,45:510<5
001630862,36:407<7
001630870,41:644<12
001630878,37:226<9
001630894,19:243<1
001630897,43:468<9
001630898,41:602<9
001630902,35:547<10
001630904,47:253<9
001630905,47:639<7
001630906,44:519<9
001630911,46:265<7
001630940,43:518<9
001630945,38:211<9
001630973,39:357<9
001630975,43:257<9
001630976,43:514<6
001630980,38:261<9
001630982,36:76<7
001630984,36:205<9
001630985,36:205<7
001630991,47:113<7
001631010,19:41<1
001631011,36:288<7
001631015,36:531<7
001631017,38:6<1
001631018,38:18<1
001631019,38:19<4
001631020,38:96<2
001631021,38:116<7
001631022,38:299<9
001631025,38:593<1
001631032,39:570<1
001631033,39:533<9
001631034,39:455<1
001631035,39:501<1
001631090,43:570<3
001631095,46:107<4
001631103,33:308<9
001631105,44:484<9
001631107,46:543<9
001631114,44:391<9
001631119,38:203<3
001631120,47:434<7
001631122,1:144<2
001631123,35:547<10
001631125,36:40<1
001631126,36:53<1
001631127,36:61<2
001631128,36:61<5
001631129,35:611<3
001631132,39:605<9
001631133,35:636<9
001631134,19:18<2
001631135,45:142<9
001631137,2:104<3
001631138,38:105<7
001631139,38:346<7
001631140,38:212<2
001631143,36:66<1
001631144,36:113<2
001631146,35:13<2
001631147,35:614<3
001631148,35:647<12
001631152,38:94<9
001631153,38:120<10
001631154,38:120<15
001631155,38:120<15
001631160,47:372<7
001631161,47:357<7
001631162,35:352<1
001631167,39:628<9
001631168,48:224<9
001631172,35:156<9
001631173,43:343<9
001631192,44:243<9
001631193,44:285<9
001631194,38:166<7
001631195,38:135<7
001631199,47:332<9
001631202,47:462<7
001631203,2:140<3
001631204,47:315<9
001631219,39:382<2
001631220,39:420<10
001631221,39:459<9
001631222,39:447<3
001631224,35:355<7
001631225,35:457<7
001631226,47:92<4
001631227,47:27<4
001631228,45:79<9
001631229,45:75<9
001631230,45:75<9
001631231,45:145<4
001631232,45:75<9
001631233,45:74<3
001631234,45:335<2
001631248,45:372<4
001631250,34:139<7
001631251,34:134<9
001631252,34:53<7
001631253,49:478<7
001631254,37:641<17
001631255,37:202<19
001631256,37:176<10
001631257,37:170<7
001631258,37:114<9
001631298,42:342<9
001631299,42:546<7
001631300,42:569<5
001631301,42:556<5
001631302,42:646<6
001631303,39:557<9
001631304,48:191<7
001631312,42:82<9
001631318,42:41<9
001631319,42:482<9
001631327,1:72<2
001631336,3:9<2
001631337,48:215<4
001631338,3:34<3
001631348,29:290<7
001631408,47:167<7
001631410,37:479<9
001631415,44:48<9
001631417,47:335<7
001631418,38:556<9
001631429,1927:225<7
001631461,24:289<4
001631525,24:239<3
001631526,47:410<7
001631527,47:610<5
001631528,47:610<7
001631529,47:612<5
001631530,47:612<5
001631531,47:614<5
001631532,2:277<2
001631533,2:277<2
001631534,47:645<4
001631535,47:633<5
001631536,47:637<4
001631537,47:639<3
001631538,47:641<2
001631539,47:620<5
001631540,47:628<5
001631541,47:630<5
001631542,47:616<5
001631543,47:553<7
001631544,47:579<4
001631545,2:264<2
001631546,2:38<3
001631547,45:237<3
001631551,47:595<3
001631552,47:601<4
001631553,47:603<5
001631554,47:603<7
001631555,2:272<2
001631556,47:607<1
001631557,47:607<2
001631558,47:607<7
001631559,47:607<7
001631560,47:607<195
001631561,47:608<2
001631562,2:274<2
001631572,41:322<9
001631574,38:516<9
001631575,38:497<7
001631576,38:529<9
001631579,47:242<4
001631580,36:645<7
001631590,39:338<9
001631592,46:586<3
001631595,47:109<7
001631608,36:345<7
001631609,36:231<9
001631610,36:331<9
001631623,39:60<9
001631627,46:118<5
001631630,45:548<5
001631634,33:469<7
001631635,28:228<6
001631636,28:309<9
001631637,18:53<5
001631638,9:181<2
001631657,45:368<9
001631669,45:392<7
001631680,50:261<2
001631682,50:261<2
001631702,50:248<2
001631703,50:248<2
001631710,41:390<9
001631711,41:59<9
001631712,41:113<9
001631713,41:163<9
001631732,44:363<9
001631733,44:561<4
001631734,44:348<7
001631735,44:121<10
001631736,44:98<5
001631737,44:150<5
001631738,44:132<9
001631739,44:460<9
001631748,38:55<9
001631749,38:288<7
001631750,38:284<7
001631769,36:37<9
001631770,38:58<4
001631772,47:464<7
001631773,47:430<7
001631774,47:241<9
001631777,42:379<7
001631778,42:342<9
001631779,42:149<7
001631786,42:372<7
001631788,48:109<7
001631789,48:163<4
001631790,39:412<7
001631791,48:314<3
001631792,39:44<9
001631793,39:92<9
001631802,41:1<68
001631805,42:655<6
001631808,46:603<7
001631819,43:291<5
001631820,43:153<5
001631821,43:135<9
001631822,34:650<7
001631823,49:138<3
001631824,37:641<9
001631825,37:486<10
001631826,37:253<9
001631830,41:26<7
001631841,45:250<7
001631842,45:81<11
001631855,39:455<9
001631856,39:451<9
001631857,39:450<5
001631858,39:607<5
001631864,43:571<7
001631865,43:565<9
001631866,43:562<7
001631867,43:560<7
001631868,35:362<7
001631869,43:288<7
001631870,43:290<7
001631871,43:299<7
001631872,43:311<12
001631876,47:18<7
001631878,45:28<2
001631879,45:32<11
001631880,45:68<2
001631881,45:79<9
001631882,45:94<3
001631883,45:180<4
001631884,45:272<2
001631896,37:538<1
001631903,38:586<2
001631905,38:161<9
001631906,47:196<7
001631907,38:168<1
001631908,38:240<9
001631909,38:498<3
001631910,38:637<10
001631911,38:624<9
001631915,43:242<7
001631916,36:527<6
001631923,41:474<9
001631924,41:148<4
001631930,19:159<2
001631931,19:32<3
001631932,18:60<1
001631933,18:171<5
001631935,9:200<2
001631951,19:82<3
001631958,46:493<6
001631962,36:525<5
001631967,36:645<12
001631968,36:612<7
001631969,36:610<7
001631970,36:600<1
001631971,36:574<1
001631973,47:29<7
001631977,47:333<7
001632018,36:133<5
001632041,36:512<5
001632042,36:214<7
001632043,36:230<6
001632044,36:274<1
001632046,36:281<11
001632050,18:190<1
001632074,19:135<2
001632075,17:54<2
001632076,17:316<1
001632077,17:322<5
001632078,19:20<3
001632079,18:62<5
001632080,18:161<5
001632081,18:351<3
001632082,18:288<2
001632083,9:186<3
001632084,9:177<4
001632085,9:162<5
001632086,9:127<10
001632094,45:364<5
001632144,24:226<3
001632145,24:225<3
001632146,24:170<4
001632147,24:169<4
001632148,24:57<4
001632149,24:56<4
001632150,24:28<4
001632152,41:337<2
001632153,41:559<7
001632154,41:152<7
001632155,41:168<10
001632156,41:218<1
001632181,44:93<7
001632182,44:136<7
001632183,44:91<7
001632184,44:56<5
001632185,44:12<2
001632186,44:426<9
001632207,44:413<3
001632208,44:417<4
001632209,44:408<9
001632210,44:602<2
001632211,44:635<7
001632216,45:195<2
001632217,45:312<4
001632218,45:177<7
001632219,45:142<3
001632220,45:141<2
001632221,45:133<7
001632222,45:90<9
001632223,45:89<2
001632224,45:75<7
001632225,45:7<9
001632226,45:73<4
001632227,45:49<6
001632228,47:117<5
001632229,47:39<2
001632230,2:25<3
001632231,2:35<2
001632234,43:185<7
001632235,43:183<7
001632236,43:64<7
001632237,43:38<7
001632239,29:614<7
001632242,38:569<7
001632244,38:512<9
001632245,38:637<3
001632246,38:627<1
001632247,38:625<1
001632283,38:34<3
001632289,35:567<1
001632297,46:13<6
001632302,35:643<5
001632306,38:133<5
001632307,19:289<1
001632390,43:46<4
001632399,35:623<1
001632401,35:246<18
001632402,9:15<7
001632403,43:477<6
001632423,38:597<9
001632428,38:448<2
001632429,38:220<3
001632431,47:262<7
001632439,43:567<9
001632440,43:609<3
001632445,39:616<2
001632465,1:286<2
001632466,46:585<6
001632467,48:201<9
001632468,39:513<2
001632469,39:16<9
001632470,39:368<9
001632471,39:96<1
001632472,39:264<1
001632473,39:277<3
001632506,35:378<1
001632507,35:625<1
001632508,35:606<1
001632509,35:518<1
001632510,35:343<1
001632511,35:646<1
001632523,45:209<6
001632534,19:107<3
001632568,50:198<2
001632569,47:569<4
001632570,47:414<5
001632573,43:35<7
001632574,45:34<1
001632599,41:438<2
001632602,45:171<5
001632603,45:29<7
001632604,45:72<2
001632605,47:37<7
001632606,2:31<3
001632614,45:290<7
001632632,43:284<7
001632633,44:600<3
001632634,44:598<5
001632638,38:226<1
001632639,38:44<7
001632640,38:23<9
001632641,47:294<7
001632642,47:417<3
001632643,47:607<3
001632644,47:582<3
001632645,47:570<3
001632646,47:569<3
001632647,47:558<7
001632648,47:226<7
001632649,47:544<4
001632650,2:241<5
001632651,47:531<4
001632652,47:518<3
001632653,47:438<7
001632657,41:565<10
001632659,47:458<5
001632660,47:462<7
001632661,47:630<2
001632662,47:637<3
001632663,47:620<4
001632664,47:639<3
001632674,38:653<7
001632681,35:550<5
001632682,39:325<9
001632690,41:226<4
001632695,35:519<7
001632696,9:68<5
001632697,51:20<4
001632698,9:28<5
001632699,9:11<3
001632703,45:511<5
001632711,50:177<1
001632760,21:295<2
001632788,44:82<9
001632797,38:64<7
001632802,44:647<4
001632803,44:653<9
001632804,46:135<7
001632805,46:521<9
001632818,39:641<7
001632819,38:94<9
001632827,19:39<1
001632832,47:599<1
001632833,48:457<3
001632834,48:470<3
001632835,48:483<3
001632836,48:496<3
001632837,48:509<3
001632838,48:522<4
001632839,48:535<3
001632840,48:548<3
001632841,48:561<3
001632842,48:600<3
001632843,48:613<3
001632844,3:127<3
001632845,3:33<3
001632846,42:383<7
001632857,44:624<1
001632858,44:649<9
001632859,46:152<7
001632909,38:70<13
001632912,18:249<3
001632913,44:4<613
001632915,39:455<7
001632917,43:31<7
001632935,47:507<7
001632936,47:462<7
001632937,50:68<7
001632940,44:8<5
001632952,39:472<9
001632953,48:246<7
001632954,43:313<9
001632976,1:37<2
001632978,48:437<7
001632979,39:603<7
001632980,1:97<2
001632993,43:177<2
001633019,1:124<2
001633031,41:587<9
001633039,36:626<8
001633045,48:389<7
001633046,46:590<5
001633056,38:500<1
001633057,38:503<2
001633072,17:255<1
001633113,35:497<3
001633114,46:230<6
001633118,18:226<5
001633121,19:351<6
001633127,41:139<7
001633138,38:241<2
001633139,43:157<12
001633142,45:73<7
001633154,38:54<2
001633155,47:414<9
001633183,38:467<9
001633185,44:161<2
001633190,38:92<9
001633191,38:311<1
001633192,38:209<7
001633194,36:606<7
001633195,36:576<1
001633196,47:323<5
001633197,44:126<1
001633212,9:207<1
001633213,9:301<1
001633240,19:46<3
001633241,28:483<9
001633242,18:89<5
001633243,18:137<5
001633244,18:207<1
001633258,41:29<9
001633298,9:69<5
001633299,9:129<7
001633304,28:237<9
001633306,19:130<1
001633310,48:46<7
001633341,35:539<7
001633342,35:497<9
001633343,35:225<7
001633344,35:89<10
001633346,29:396<1
001633349,47:76<7
001633350,47:59<7
001633352,44:270<9
001633405,46:61<7
001633413,36:548<67
001633414,46:87<5
001633426,48:628<1
001633436,47:462<7
001633446,35:144<1
001633473,19:226<1
001633479,41:235<9
001633492,38:57<11
001633493,47:249<7
001633494,38:96<7
001633497,47:456<7
001633499,47:517<4
001633540,39:107<7
001633547,2:285<2
001633548,47:637<4
001633549,47:633<3
001633550,47:337<7
001633551,47:303<3
001633552,47:302<9
001633553,47:368<7
001633554,47:381<7
001633555,47:592<7
001633556,44:590<2
001633557,44:651<7
001633558,44:638<4
001633621,45:118<9
001633629,38:311<7
001633630,44:489<9
001633631,38:155<7
001633632,35:143<9
001633633,35:148<7
001633634,46:277<7
001633635,1:140<2
001633636,35:146<13
001633637,35:146<7
001633638,35:451<7
001633640,35:630<7
001633641,35:559<13
001633642,35:628<8
001633643,35:1<9
001633654,19:324<11
001633694,18:353<39
001633695,28:480<9
001633696,19:1<11
001633702,38:366<7
001633709,47:460<7
001633732,41:202<9
001633775,36:647<9
001633778,36:652<7
001633787,41:154<9
001633789,52:278<4
001633843,35:659<4
001633845,35:646<1
001633866,36:284<7
001633878,47:484<7
001633879,43:179<6
001633880,38:586<9
001633918,36:553<7
001633931,44:237<6
001633935,49:412<2
001633955,51:224<5
001633956,51:179<4
001633977,36:231<9
001633982,48:491<7
001633983,39:617<9
001633991,35:566<7
001633999,43:216<5
001634032,37:153<13
001634037,42:410<9
001634039,48:415<7
001634041,48:145<7
001634042,29:239<9
001634043,29:184<9
001634044,29:502<7
001634128,49:422<7
001634160,43:586<9
001634207,43:600<1
001634208,43:341<9
001634209,43:261<9
001634211,48:182<7
001634212,48:87<9
001634214,36:133<7
001634223,50:600<4
001634227,45:143<2
001634241,42:135<3
001634274,39:412<1
001634329,50:490<4
001634349,43:150<5
001634350,41:126<9
001634371,48:9<5
001634374,46:137<7
001634706,33:45<2
001634707,28:373<6
001635585,39:34<9
001635597,43:554<9
001635603,19:318<2
001635629,17:303<1
001635636,17:343<1
001638824,48:189<4
001638825,39:546<9
001638827,39:465<2
001638845,35:459<7
001638846,46:224<7
001638848,49:157<7
001638849,1:147<2
001638858,49:131<7
001638871,45:170<6
001638872,45:256<3
001638873,45:171<6
001638874,45:170<5
001638875,45:170<9
001638877,49:118<7
001638878,49:331<7
001638884,43:202<13
001639114,46:191<7
001639115,1:110<2
001639122,51:28<2
001639127,17:125<4
001639171,39:559<9
001639176,43:133<9
001639177,43:198<9
001639178,35:523<9
001639179,35:115<10
001639180,46:140/276<2
001639202,40:263<7
001639208,48:220<5
001639209,39:248<1
001639210,39:194<7
001639211,39:82<1
001639212,39:336<9
001639213,36:273<5
001639214,36:493<3
001639215,36:491<6
001639216,28:6<6
001639217,28:380<9
001639218,17:336<1
001639219,44:84<11
001639227,47:128<7
001639228,45:49<5
001639229,43:617<9
001639230,43:640<9
001639231,43:599<9
001639232,43:593<5
001639233,49:7<9
001639234,49:111<10
001639235,49:213<9
001639236,49:250<7
001639240,49:255<4
001639241,49:255<7
001639242,43:211<7
001639243,32:578<7
001639244,49:521<10
001639245,43:133<9
001639246,34:270<9
001639247,49:12<7
001639248,34:94<9
001639249,43:46<4
001639250,48:543<5
001639251,1:144<2
001639252,1:265<2
001639253,46:645<7
001639254,1:295<2
001639255,48:38<7
001639256,48:40<5
001639257,48:44<7
001639258,48:70<7
001639259,48:66<7
001639260,48:79<4
001639261,48:120<7
001639262,46:410<7
001639263,46:541<5
001639264,46:118<3
001639265,48:290<7
001639266,48:235<7
001639267,48:294<7
001639275,44:597<9
001639302,45:171<6
001639303,45:282<6
001639304,45:134<6
001639345,38:25<7
001639368,35:189<7
001639369,46:220<5
001639373,19:345<11
001639382,38:288<7
001639416,35:648<4
001639417,35:658<10
001639422,47:632<10
001640151,18:242<1
001640157,35:124<7
001640164,43:100<1
001640189,49:253<7
001640190,48:20<7
001640213,2:164<3
001640214,35:485<9
001640215,35:654<7
001640229,35:168<1
001640366,38:161<7
001640367,38:85<9
001640375,38:124<9
001640580,43:213<7
001640636,44:352<7
001640642,44:430<7
001640643,44:19<9
001640644,44:91<9
001640645,44:93<9
001641296,46:632<7
001641375,46:237<4
001641376,46:222<7
001641377,46:226<7
001641378,46:583<7
001641381,45:577<4
001641424,35:603<7
001641504,35:53<2
001641509,38:257<7
001641510,38:159<7
001641511,38:51<7
001641566,38:306<7
001641576,50:510<1
001641577,50:482<4
001641580,41:602<9
001641581,41:128<10
001641582,41:264<9
001641583,41:271<9
001641685,41:113<9
001641687,41:195<9
001641834,35:31<5
001641847,36:556<77
001641852,39:96<10
001641903,39:551<7
001641904,38:525<7
001641912,19:199<1
001642035,19:335<1
001642036,33:133<7
001642038,39:518<7
001642042,33:346<7
001642047,41:23<2
001642061,36:467<7
001642113,30:4<7
001642157,30:24<7
001642158,30:33<7
001642159,30:44<7
001642160,30:55<7
001642161,30:75<7
001642162,30:75<7
001642163,30:99<7
001642164,30:82<7
001642165,30:114<7
001642166,30:114<7
001642167,30:121<7
001642168,30:127<7
001642169,30:136<7
001642170,30:142<7
001642171,30:160<7
001642172,30:162<7
001642173,30:20<7
001642203,30:166<7
001642204,30:171<7
001642205,30:184<7
001642206,30:197<7
001642207,30:201<7
001642208,30:212<7
001642209,30:225<7
001642210,30:245<7
001642211,30:263<7
001642212,30:265<7
001642213,30:265<7
001642214,30:270<7
001642215,30:274<7
001642216,30:292<7
001642217,30:304<7
001642218,30:310<7
001642219,30:326<7
001642220,30:332<7
001642221,30:343<7
001642222,30:382<7
001642223,30:390<7
001642224,30:411<7
001642225,30:413<7
001642226,30:415<7
001642227,30:471<7
001642228,30:475<7
001642229,30:486<7
001642230,30:499<5
001642231,30:512<7
001642232,30:542<7
001642354,30:428<7
001642355,30:422<7
001642361,30:101<7
001642362,30:631<7
001642363,30:618<9
001642364,30:611<11
001642365,30:602<7
001642366,30:591<7
001642367,30:585<7
001642368,30:585<7
001642369,30:554<7
001642370,30:557<7
001642371,30:542<7
001642372,30:503<7
001642721,30:510<7
001642819,46:309<7
001642820,46:634<5
001643039,36:544<1
001643265,1:157<2
001643266,46:306<9
001643267,46:156<9
001643268,44:126<9
001643269,44:354<2
001643270,46:322<2
001643273,41:273<9
001643274,41:264<7
001643275,41:268<3
001643276,41:288<1
001643277,41:206<9
001643383,41:76<9
001643384,41:334<7
001643385,38:14<7
001643386,38:333<7
001643392,39:209<7
001643393,39:370<6
001643394,39:368<9
001643395,46:354<5
001643396,1:247<2
001643397,46:286<5
001643404,43:40<7
001643405,37:346<1
001643406,47:118<3
001643412,41:295<1
001643537,47:174<7
001643538,47:14<5
001643539,47:22<5
001643540,47:29<5
001643541,45:3<8
001643542,45:38<12
001643543,45:46<2
001643544,45:54<8
001643545,45:80<6
001643546,45:119<6
001643547,45:64<14
001643548,45:65<2
001643549,45:68<11
001643550,45:128<2
001643551,45:169<6
001643552,45:155<12
001643656,45:67<6
001643657,45:178<2
001643658,45:220<7
001643659,45:241<5
001643660,45:245<7
001643661,45:252<4
001643662,45:252<5
001643663,45:255<2
001643664,45:255<6
001643665,45:267<6
001643670,37:288<7
001643673,45:280<6
001643674,45:278<2
001643675,45:277<11
001643676,45:272<2
001643783,45:293<7
001643784,45:300<3
001643785,45:326<5
001643786,45:331<2
001643787,45:331<6
001643788,45:340<5
001643789,51:29<4
001643801,1:86<6
001643802,1:80<6
001643803,1:80<6
001643804,46:143<6
001643805,1:74<6
001643806,1:74<6
001643807,1:68<6
001643808,46:241<4
001643815,46:389<10
001643816,46:350<4
001643817,1:192<6
001643818,46:402<5
001643819,1:198<6
001643820,1:202<2
001643821,46:444<6
001643822,1:215<6
001643883,3:69<6
001643884,1:443<6
001643885,46:477<5
001643886,1:44<6
001643887,1:323<3
001643888,3:137<6
001643889,1:323<3
001643890,1:244<6
001643891,46:117<6
001643892,1:50<6
001643893,1:46<2
001643894,46:32/51<6
001643895,1:27<2
001643896,39:557<7
001643897,3:179<6
001643898,3:176<2
001643899,3:212<5
001643900,3:209<6
001643901,48:292<5
001643902,3:173<6
001643973,48:378<4
001643974,46:265<4
001643975,3:293<5
001643976,3:275<6
001643977,48:610<5
001643978,3:299<8
001643979,3:299<8
001643980,48:141<5
001643981,1:129<6
001643982,46:302<10
001643983,1:143<6
001643984,46:564<8
001643985,48:7<7
001643986,48:14<5
001643987,3:10<6
001643988,48:272<5
001643989,3:111<2
001643990,1:302<6
001643991,48:29<5
001643992,3:24<2
001644083,48:70<5
001644084,3:26<2
001644085,39:481<6
001644086,39:455<9
001644087,48:124<5
001644088,48:113<7
001644089,3:46<7
001644090,3:42<2
001644091,3:16<6
001644092,3:40<6
001644093,48:85<5
001644094,39:468<12
001644095,1:153<6
001644099,39:518<12
001644100,39:499<5
001644101,39:505<12
001644102,39:607<9
001644133,39:643<14
001644134,45:523<7
001644135,45:523<7
001644136,45:559<6
001644137,45:557<5
001644138,45:390<10
001644139,45:509<6
001644140,45:507<2
001644141,45:485<7
001644142,45:483<6
001644143,45:481<12
001644144,45:367<6
001644145,45:354<6
001644146,45:594<11
001644148,45:571<6
001644394,52:83<5
001644395,51:135<5
001644396,51:203<4
001644397,51:248<6
001644398,51:248<6
001644402,51:160<4
001644404,51:200<5
001644410,50:108<6
001644411,50:450<4
001644412,50:349<6
001644413,50:364<5
001644414,50:472<3
001644415,50:47<6
001644416,50:450<8
001644417,50:138<5
001644483,51:164<6
001644507,36:339<15
001644616,36:457<3
001644617,36:535<5
001644618,36:330<6
001644620,36:390<6
001644629,45:622<6
001644630,45:645<11
001644631,45:642<1
001644632,45:547<6
001644633,45:643<5
001644634,45:597<6
001644635,45:607<11
001644796,45:619<11
001644797,45:610<6
001644799,45:632<5
001644800,45:433<6
001644802,45:608<2
001644818,41:440<5
001644819,41:430<4
001644992,41:242<12
001644993,41:215<14
001644994,41:206<9
001644995,41:158<4
001644996,41:90<10
001644997,41:504<8
001644998,41:491<8
001644999,41:51<10
001645000,41:463<12
001645003,45:564<1
001645004,45:212<5
001645169,43:485<6
001645170,43:535<12
001645171,43:558<14
001645172,43:542<7
001645173,38:560<13
001645174,38:648<8
001645175,43:613<8
001645176,38:602<4
001645177,43:561<8
001645348,36:569<11
001645351,38:168<5
001645352,38:236<4
001645353,38:261<7
001645354,38:79<7
001645355,38:78<3
001645357,36:621<13
001645358,36:621<14
001645359,36:544<11
001645360,36:544<12
001645363,47:427<5
001645364,47:346<5
001645365,2:146<6
001645366,2:146<2
001645367,47:323<5
001645368,47:320<3
001645369,47:302<4
001645370,47:363<1
001645371,2:174<6
001645433,2:135<6
001645434,47:389<4
001645435,47:400<4
001645436,47:209<5
001645437,47:412<7
001645438,2:185<6
001645439,2:267<6
001645440,47:388<6
001645441,47:355<5
001645442,47:607<2
001645443,2:273<6
001645444,47:605<5
001645445,47:267<6
001645446,47:579<5
001645447,47:577<5
001645448,47:577<5
001645449,47:577<5
001645450,47:570<5
001645451,47:569<3
001645452,47:568<1
001645453,2:102<2
001645454,2:249<6
001645455,47:237<5
001645456,47:541<5
001645457,47:239<5
001645458,2:110<2
001645459,2:119<2
001645460,2:119<6
001645461,47:284<7
001645462,47:550<2
001645463,47:289<5
001645464,47:549<5
001645465,2:238<6
001645466,47:517<7
001645467,47:294<5
001645468,47:530<7
001645469,47:530<8
001645470,47:511<4
001645471,47:417<5
001645472,47:417<7
001645593,47:511<5
001645594,47:511<5
001645595,47:507<5
001645596,2:220<6
001645597,2:197<6
001645598,47:486<9
001645599,2:203<6
001645600,47:494<5
001645601,47:535<5
001645602,2:197<6
001645603,2:203<6
001645604,2:209<6
001645605,47:453<7
001645606,47:460<1
001645607,47:466<5
001645608,47:469<7
001645609,47:477<5
001645610,2:215<6
001645611,47:486<7
001645612,47:473<5
001645613,47:641<9
001645614,4:69<2
001645615,4:69<6
001645616,49:122<4
001645617,49:7<7
001645618,2:282<2
001645621,4:92<5
001645622,37:187<11
001645660,43:68<7
001645661,4:109<4
001645665,43:333<14
001645666,43:276<8
001645667,43:189<7
001645668,43:183<7
001645669,43:203<8
001645670,43:220<7
001645671,43:133<7
001645672,43:55<7
001645673,4:103<6
001645674,43:51<5
001645675,4:144<3
001645676,49:316<5
001645677,49:231<1
001645679,47:482<5
001645680,43:350<5
001645681,2:289<2
001645682,49:222<4
001645684,36:113<12
001645689,32:426<3
001645724,43:214<8
001645799,43:569<7
001645800,4:21<6
001645817,1:103<6
001645818,1:98<6
001645819,1:92<8
001645820,46:270<7
001645830,38:120<15
001645832,44:3<9
001645836,45:603<5
001645837,48:238<3
001645962,41:206<9
001645963,41:174<9
001645964,41:18<9
001645965,41:487<9
001646183,41:163<9
001646184,41:78<10
001646185,41:78<9
001646186,41:636<10
001646187,41:487<9
001646197,24:299
001646268,24:246<1
001646299,1:139<2
001646300,1:141<2
001646301,35:348<1
001646500,35:437<1
001646501,35:469<1
001646510,45:524<5
001646511,50:155<3
001646513,43:136<2
001646514,43:3<9
001646623,44:504<9
001646624,44:369<9
001646637,42:566<7
001646638,42:502<9
001646640,42:307<2
001646651,38:342<5
001646698,46:202<7
001646712,36:214<7
001646719,39:451<1
001646720,39:583<1
001646722,1:141<2
001646826,1:111<2
001646828,1:217<2
001646829,1:181<2
001646830,46:367<9
001646831,1:173<2
001646832,46:341<9
001646833,46:475<7
001646834,40:194<9
001646847,50:307<4
001646849,43:237<9
001646850,41:292<9
001646985,43:533<9
001646986,46:332<5
001646987,1:131<2
001646991,49:651<6
001646992,49:21<3
001646993,48:628<7
001646994,1:157<2
001646995,46:319<9
001646996,46:324<7
001646997,46:331<1
001646998,43:621<9
001646999,44:182<9
001647000,43:575<5
001647001,43:431<9
001647002,47:118<3
001647082,46:592<7
001647085,1919:30<3
001647087,36:218<7
001647088,36:531<7
001647099,9:193<6
001647100,36:454<7
001647101,36:452<7
001647102,36:405<7
001647276,36:422<7
001647277,36:417<7
001647278,36:505<7
001647279,1928:540<7
001647280,36:284<7
001647281,36:394<7
001647440,51:235<4
001647538,41:150<9
001647539,41:146<9
001647540,41:139<9
001647541,41:495<9
001647542,49:127<5
001647666,41:512<9
001647667,41:574<9
001647674,43:522<7
001647675,43:515<3
001647676,43:588<9
001647677,43:584<7
001647678,43:565<7
001647679,38:499<9
001647680,44:508<7
001647685,47:311<7
001647686,47:370<5
001647689,2:218<2
001647690,47:562<5
001647691,47:224<7
001647692,2:104<2
001647804,41:576<9
001647805,38:460<9
001647809,47:237<4
001647810,47:280<7
001647811,47:502<7
001647812,47:428<3
001647822,39:609<9
001647823,39:529<7
001647824,48:645<7
001647825,46:557<7
001647828,47:185<7
001647829,45:140<7
001647830,45:144<13
001647831,48:378<9
001647832,45:202<3
001647885,48:217<5
001647886,43:64<9
001647888,45:114<9
001647889,45:92<9
001647890,48:621<7
001647895,45:279<9
001647896,45:294<10
001647897,38:83<9
001647898,38:20<9
001647899,38:377<7
001647900,38:374<7
001647901,38:342<7
001647902,38:211<9
001647903,38:150<9
001647904,38:159<7
001647905,36:582<7
001647906,36:652<8
001647907,36:652<8
001648028,36:656<7
001648030,36:641<9
001648037,36:649<3
001648045,36:165<7
001648046,36:109<7
001648047,36:111<1
001648048,36:115<9
001648049,36:115<10
001648052,36:137<7
001648641,36:450<7
001648771,38:425<9
001649182,28:401<5
001649183,17:148<1
001649191,48:64<7
001649312,43:487<10
001649417,43:652<5
001649418,2:268<3
001649436,36:50<8
001649437,36:13<7
001649699,21:185<3
001649703,4:73<2
001649709,46:319<5
001649781,35:630<3
001650189,8:2<6
001650190,8:3<1
001650191,8:4<2
001650192,8:4<2
001650193,8:10<3
001650194,8:10<3
001650195,8:10<3
001650196,8:11<5
001650197,8:11<6
001650992,8:12<1
001650993,8:14<1
001650994,8:16<3
001650995,8:17<4
001650996,8:17<5
001650997,8:17<5
001650998,8:19<3
001650999,8:19<6
001651000,8:28<1
001651001,8:33<3
001651002,8:34<1
001651003,8:37<4
001651004,8:41<1
001651005,8:46<5
001651006,8:52<5
001651007,8:65<4
001652749,52:307
001652939,45:159<10
001652941,45:599<5
001653443,49:613<3
001653444,49:660<5
001654675,41:427<9
001655793,8:75<9
001655794,8:76<3
001655795,8:77<2
001655796,8:78<1
001655797,8:79<1
001655798,8:79<3
001655799,8:79<3
001655800,8:79<3
001655801,8:102<3
001655802,8:105<1
001655803,8:106<4
001655804,8:107<4
001655805,8:111<1
001655806,8:111<3
001655807,8:123<3
001655808,8:124<3
001655809,8:126<2
001655810,8:129<1
001655811,8:130<6
001655812,8:134<3
001655813,8:134<4
001655814,8:144<1
001655956,8:148<1
001655957,8:148/149<7
001655958,8:154<8
001655959,8:158<1
001655960,8:160<6
001655961,8:163<2
001655962,8:163<5
001655963,8:167<1
001655964,8:168<1
001655965,8:168<5
001655966,8:170<4
001655967,8:171<1
001655968,8:172<6
001655969,8:178<3
001655970,8:178<6
001655971,8:180<3
001655972,8:185<3
001655973,8:185<3
001655974,8:186<5
001655975,8:186<7
001655976,8:188<1
001655977,8:195<7
001655978,8:199<1
001655979,8:199<5
001655980,8:201<6
001655981,8:205<1
001655982,8:207<6
001655983,8:211<1
001655984,8:211<13
001655985,8:212<3
001655986,8:217<1
001655987,8:217<13
001655988,8:218<5
001655989,8:221<6
001656193,8:226<5
001656194,8:227<1
001656195,8:227<4
001656196,8:228<5
001656197,8:231<6
001656198,8:236<1
001656199,8:236<6
001656200,8:238<1
001656201,8:252<9
001656202,8:255<12
001656203,8:260<3
001656204,8:260<4
001656205,8:266<6
001656206,8:268<1
001656207,8:271<6
001656208,8:277<6
001656209,8:278<3
001656210,8:279<5
001656211,8:287<9
001656212,8:287<10
001656213,8:291<1
001657306,7:2<2
001657307,7:2<3
001657308,7:6<1
001657309,7:11<2
001657310,7:12<3
001657311,7:14<3
001657312,7:17<1
001657313,7:21<2
001657314,7:22<2
001657315,7:32<2
001657316,7:34<3
001657317,7:37<3
001657343,7:41<4
001657344,7:54<1
001657345,7:56<2
001657346,7:59<3
001657347,7:64<3
001657348,7:70<2
001657349,7:71<3
001657350,7:87<2
001657351,7:102<1
001657352,7:120<9
001657358,7:125<3
001657359,7:127<3
001657360,7:128<3
001657361,7:143<3
001657362,7:152<3
001657393,7:154<3
001657394,7:158<2
001657395,7:183<4
001657396,7:188<9
001657397,7:193<1
001657398,7:194<1
001657399,7:195<1
001657400,7:199<3
001657401,7:204<3
001657402,7:204<4
001657403,7:206<3
001657404,7:207<2
001657405,7:211<3
001657406,7:217<1
001657407,7:217<2
001657408,7:217<3
001657409,7:217<3
001657410,7:218<1
001657411,7:231<3
001657412,7:222<2
001657413,7:237<3
001657414,7:248<3
001657415,7:252<1
001657416,1899:252<3
001657417,7:258<3
001657418,7:258<10
001657419,7:264<3
001657420,7:267<4
001657421,7:271<3
001657422,7:276<1
001657423,7:282<1
001657424,7:282<1
001657425,7:282<2
001657426,7:284<3
001657427,7:287<1
001657428,7:289<3
001657429,7:297<1
001658418,3:3<3
001658419,3:5<1
001658420,3:6<3
001658421,3:12<2
001658422,3:14<4
001658423,3:17<1
001658424,3:17<1
001658425,3:17<1
001658426,3:20<1
001658427,3:20<1
001658453,3:21<5
001658454,3:23<1
001658455,1895:24<2
001658456,3:25<1
001658457,3:37<1
001658458,3:47<2
001658459,3:58<3
001658460,3:64<1
001658461,3:74<2
001658462,3:94<2
001658463,3:105<2
001658464,3:108<2
001658465,3:111<2
001658466,3:112<2
001658467,3:119<2
001658468,3:176<1
001658469,3:183<2
001658470,3:207<3
001658471,3:209<2
001658472,3:217<1
001658473,3:46<4
001658474,3:222<3
001658475,3:223<3
001658476,3:241<1
001658477,3:252<1
001658478,3:254<1
001658479,3:270<3
001658480,3:276<2
001658481,3:276<5
001658482,3:276<13
001658483,3:294<1
001658484,3:282<1
001658487,16:3<1
001658488,16:14<5
001658489,16:23<5
001658490,16:23<5
001658491,16:28<3
001658492,16:30<1
001658493,16:34<1
001658494,16:45<9
001658495,16:54<1
001658496,16:55<1
001658497,16:55<1
001658498,16:55<3
001658499,16:57<3
001658500,16:58<1
001658501,16:71<4
001658502,16:75<2
001658503,16:82<4
001658504,16:86<3
001658505,16:87<19
001658506,16:91<9
001658507,16:91<9
001658516,52:51<3
001658524,43:621<9
001658527,46:6<7
001658653,16:94<1
001658654,16:94<19
001658655,16:97<4
001658656,16:97<4
001658657,16:98<1
001658658,16:98<4
001658659,16:98<4
001658660,16:98<6
001658661,16:98<6
001658662,16:101<5
001658663,16:101<17
001658664,16:104<2
001658665,16:105<9
001658666,16:107<1
001658667,16:109<5
001658668,16:110<9
001658669,16:111<2
001658670,16:119<2
001658671,16:120<2
001658672,16:124<9
001658673,16:127<4
001658674,16:128<6
001658675,16:131<3
001658676,16:136<3
001658677,16:141<1
001658678,16:141<4
001658679,16:140<3
001658680,16:153<5
001658681,16:155<19
001658682,16:154<6
001658700,16:159<3
001658701,16:169<5
001658702,16:170<3
001658703,16:176<2
001658704,16:177<9
001658705,16:177<9
001658706,16:167<5
001658707,16:183<3
001658708,16:197<6
001658709,16:198<9
001658710,16:187<21
001658711,16:214<3
001658712,16:218<1
001658713,16:221<17
001658714,16:224<1
001658715,16:225<1
001658716,16:226<3
001658717,1908:227<2
001658718,16:228<1
001658719,16:228<3
001658720,16:229<3
001658721,16:234<6
001658722,16:237<2
001658723,16:239<1
001658724,16:239<1
001658725,16:243<4
001658726,16:245<2
001658727,16:248<5
001658728,16:249<6
001658729,16:252<4
001658730,16:235<1
001658731,16:253<1
001658732,16:254<5
001658733,16:259<7
001658734,16:263<3
001658735,16:264<23
001658736,16:268<6
001658737,16:281<3
001658738,16:288<3
001658739,16:288<4
001658740,16:299<3
001658741,16:299<25
001658742,16:301<4
001658743,16:309<6
001658744,16:313<21
001658745,16:318<3
001658746,16:309<6
001658747,16:327<25
001658748,16:327<26
001658749,16:332<9
001658750,16:334<4
001658751,16:336<1
001658752,16:335<2
001658753,16:335<3
001658754,16:346<2
001658755,16:346<4
001658756,16:352<1
001658757,16:354
001658801,41:152<7
001658850,38:456<11
001658861,35:128<9
001661609,52:79<3
001662223,31:3<3
001662224,31:7<3
001662225,31:9<7
001662226,31:9<7
001662227,31:16<1
001662228,31:18<7
001662229,31:18<7
001662230,31:31<7
001662231,31:36<1
001662232,31:40<7
001662253,31:60<7
001662254,31:63<7
001662255,31:64<1
001662256,31:73<4
001662257,31:73<7
001662258,31:76<1
001662259,31:76<3
001662260,31:78<7
001662261,31:78<7
001662262,31:78<7
001662263,31:78<7
001662264,31:80<7
001662265,31:83<7
001662266,31:89<1
001662267,31:89<7
001662303,31:97<7
001662304,31:99<7
001662305,31:102<1
001662306,31:102<7
001662307,31:110<7
001662308,31:117<7
001662309,31:119<7
001662310,31:121<7
001662311,31:121<7
001662312,31:126<1
001662313,31:130<7
001662314,31:132<7
001662315,31:134<7
001662316,31:143<1
001662317,31:145<7
001662318,31:149<7
001662319,31:151<11
001662320,31:159<1
001662321,31:162<7
001662322,31:169<3
001662323,31:169<5
001662324,31:169<7
001662413,31:171<7
001662414,31:171<7
001662415,31:171<7
001662416,31:173<7
001662417,31:175<5
001662418,31:177<1
001662419,31:177<2
001662420,31:182<7
001662421,31:184<7
001662422,31:188<9
001662423,31:191<7
001662424,31:191<7
001662425,31:193<7
001662426,31:214<7
001662427,31:228<7
001662428,31:228<7
001662429,31:230<5
001662430,31:237<9
001662431,31:240<7
001662432,31:251<2
001662433,31:251<3
001662434,31:253<7
001662435,31:255<4
001662436,31:257<7
001662437,31:264<7
001662438,31:264<7
001662439,31:265<2
001662440,31:266<1
001662441,31:273<7
001662442,31:273<7
001662443,31:276<3
001662444,31:276<5
001662445,31:276<7
001662446,31:276<7
001662447,31:278<7
001662448,31:280<7
001662449,31:280<7
001662450,31:282<1
001662451,31:282<7
001662452,31:284<7
001662493,31:284<7
001662494,31:286<7
001662495,31:289<1
001662496,31:289<7
001662497,31:289<7
001662498,31:289<7
001662499,31:289<7
001662500,31:289<7
001662501,31:291<7
001662502,31:291<7
001662503,31:291<7
001662504,31:293<7
001662505,31:188<9
001662506,31:179<1
001662507,31:175<7
001662508,31:146<1
001662509,31:73<4
001662510,31:66<2
001662511,31:53<7
001662512,31:199<7
001662513,31:266<7
001662514,31:295<7
001662515,31:297<7
001662516,31:299<7
001662517,31:299<7
001662518,31:299<7
001662519,31:299<7
001662520,31:299<7
001662603,31:224<1
001662604,31:300<1
001662605,31:302<7
001662606,31:302<7
001662607,31:304<7
001662608,31:306<7
001662609,31:308<7
001662610,31:310<7
001662611,31:310<7
001662612,31:308<7
001662613,31:315<2
001662614,31:315<7
001662615,31:315<7
001662616,31:319<7
001662617,31:319<7
001662618,31:322<7
001662619,31:324<7
001662620,31:327<7
001662621,31:328<2
001662622,31:331<7
001662623,31:332<7
001662653,31:332<7
001662654,31:333<2
001662655,31:339<7
001662656,31:341<7
001662657,31:341<5
001662658,31:343<7
001662659,31:345<7
001662660,31:347<1
001662661,31:349<1
001662662,31:350<2
001662663,31:352<7
001662664,31:356<7
001662665,31:358<5
001662666,31:360<3
001662698,31:367<7
001662699,31:267<7
001662700,31:372<4
001662701,31:373<1
001662702,31:373<7
001662703,31:380<5
001662704,31:380<7
001662705,31:380<7
001662706,31:382<7
001662707,31:382<7
001662738,31:384<7
001662739,31:386<7
001662740,31:386<7
001662741,31:388<7
001662742,31:389<1
001662743,31:391<7
001662744,31:392<2
001662745,31:393<2
001662746,31:393<2
001662747,31:393<2
001662748,31:393<7
001662749,31:393<7
001662750,31:393<7
001662751,31:395<2
001662752,31:396<2
001662753,31:399<7
001662754,31:404<7
001662755,31:409<1
001662756,31:413<5
001662757,31:417<1
001662758,31:422<5
001662759,31:422<7
001662760,31:425<7
001662761,31:426<1
001662762,31:429<1
001662763,31:431<1
001662764,31:431<7
001662765,31:431<7
001662766,31:431<7
001662767,31:433<7
001662798,31:437<7
001662799,31:439<7
001662800,31:442<7
001662801,31:446<7
001662802,31:446<7
001662803,31:448<7
001662804,31:451<3
001662805,31:455<7
001662806,31:455<7
001662807,31:457<5
001662808,31:457<7
001662809,31:459<7
001662810,31:466<7
001662811,31:477
001662812,31:483
001662813,31:487
001662814,31:494
001662815,31:496
001662816,31:500
001662817,31:502
001662818,31:505
001662819,31:511
001662820,31:513
001662821,31:461<6
001662822,31:461<7
001662823,31:463<7
001662824,31:515
001662825,31:516
001662826,31:518
001662827,31:522
001662863,31:524
001662864,31:526
001662865,23:526
001662866,31:526
001662867,31:528
001662868,31:531
001662869,31:537
001662870,31:529
001662871,31:541
001662872,31:541
001662873,31:541
001662874,31:544
001662875,31:549
001662876,31:551
001662877,31:552
001662878,31:564
001662879,31:564<7
001662880,31:565
001662881,31:527
001662882,31:573
001662883,31:575
001662884,31:579
001662885,31:579
001662886,31:588
001662887,31:592
001662888,31
001662889,31:602
001662890,31:603
001662891,31:603
001662892,31:605
001662893,31:605
001662894,31:910
001662895,31:616
001662896,31:625
001662897,31:629
001662898,31:634
001662899,31:634
001662900,31:636
001662901,31:642
001662902,31:645
001662903,31:647
001662904,31:352<2
001662905,31:352<7
001662906,31:354<2
001662907,31:356<5
001662908,31:360<7
001662909,31:362<5
001662910,31:362<7
001662911,31:371<7
001662912,31:377<1
001662913,31:378<7
001662914,31:382<7
001662915,31:384<1
001662916,31:383<3
001662917,31:391<1
001662918,31:391<1
001662919,31:393<1
001662920,31:422<7
001662921,31:429<7
001662922,31:439<5
001662923,31:447<1
001662924,31:269<2
001662925,31:291<7
001662926,31:296<1
001662927,31:297<7
001662928,31:297<7
001662929,31:299<7
001662930,31:303<1
001662931,31:310<1
001662932,31:324<7
001662958,31:623
001662959,31:641
001662960,31:609
001662961,31:595
001662962,31:326<1
001662963,31:327<7
001662964,31:332<4
001662965,31:197<7
001662966,31:198<2
001662967,31:197<7
001662968,31:202<2
001662969,31:204<7
001662970,31:204<7
001662971,31:205<2
001662972,31:205<2
001662973,31:306<2
001662974,31:208<7
001662975,31:210<7
001662976,31:210<7
001662977,31:214<7
001662978,31:214<7
001662979,31:217<5
001662980,31:217<5
001662981,31:217<7
001662982,31:217<7
001663013,31:217<7
001663014,31:219<7
001663015,31:219<7
001663016,31:219<7
001663017,31:221<7
001663018,31:221<7
001663019,31:223<5
001663020,31:223<7
001663021,31:223<7
001663022,31:225<7
001663023,31:225<7
001663024,31:228<5
001663025,31:228<7
001663026,31:229<2
001663027,31:230<7
001663028,31:230<7
001663029,31:232<7
001663030,31:232<7
001663031,31:233<5
001663032,31:233<7
001663033,31:233<7
001663034,31:233<7
001663035,31:235<5
001663036,31:235<5
001663037,31:235<5
001663038,31:235<7
001663039,31:240<7
001663040,31:242<7
001663041,31:242<7
001663042,31:245<1
001663098,31:246<7
001663099,31:246<7
001663100,31:250<7
001663101,31:250<7
001663102,31:253<3
001663103,31:255<7
001663104,31:256<1
001663105,31:261<5
001663106,31:257<7
001663107,31:259<5
001663108,31:259<7
001663109,31:261<2
001663110,31:263<3
001663111,31:264<7
001663112,31:266<7
001663113,31:268<5
001663114,31:268<7
001663153,5:2<1
001663154,5:2<9
001663155,5:3<3
001663156,5:4<4
001663157,5:7<3
001663158,5:7<4
001663159,5:7<4
001663160,5:7<4
001663161,5:9<4
001663162,5:9<4
001663163,5:12<3
001663164,5:13<4
001663165,5:31<2
001663166,5:44<3
001663167,5:44<3
001663168,5:46<3
001663169,5:48<5
001663170,5:62<3
001663171,5:64<3
001663172,5:66<1
001663173,5:71<4
001663174,5:85<4
001663175,5:86<3
001663176,5:88<3
001663177,5:94<4
001663178,5:89<4
001663179,5:89<4
001663180,5:94<4
001663181,5:95<4
001663182,5:99<4
001663213,5:100<3
001663214,5:114<2
001663215,5:117<3
001663216,5:121<3
001663217,5:125<2
001663218,5:130<3
001663219,5:133<4
001663220,5:135<1
001663221,5:140<4
001663222,5:141<3
001663258,31:351<1
001663259,5:141<3
001663260,5:141<3
001663261,5:143<3
001663262,5:143<3
001663263,5:146<1
001663264,5:148<2
001663265,5:154<5
001663266,5:159<3
001663267,5:162<3
001663268,5:166<4
001663269,5:166<5
001663270,5:168<4
001663271,5:184<3
001663272,5:184<5
001663273,5:190<4
001663274,5:190<4
001663275,5:192<3
001663276,5:193<3
001663277,5:199<3
001663278,5:202<1
001663279,5:205<3
001663280,5:207<4
001663281,5:207<5
001663282,5:231<2
001663283,5:235<3
001663284,5:231<3
001663318,5:231<9
001663319,5:231<9
001663320,5:231<9
001663321,5:233<3
001663322,5:237<1
001663323,5:237<9
001663324,5:243<9
001663325,5:243<9
001663326,5:246<2
001663327,5:246<3
001663328,5:249<1
001663329,5:247<3
001663330,5:249<9
001663331,5:249<9
001663332,5:252<3
001663333,5:253<2
001663334,5:254<9
001663335,5:256<3
001663336,5:257<3
001663337,5:261<2
001663338,5:262<3
001663339,5:262<4
001663340,5:266<9
001663341,5:278<3
001663342,5:278<5
001663343,5:278<5
001663344,5:283<5
001663345,5:289<3
001663346,5:289<5
001663853,1:128<2
001665704,6:1<9
001665705,6:12<1
001665706,6:24<3
001665707,6:29<2
001665708,6:36<3
001665709,6:37<3
001665710,6:41<3
001665711,6:45<3
001665712,6:47<3
001665713,6:48<3
001665714,6:51<3
001665715,6:53<3
001665716,6:57<3
001665717,6:60<4
001665718,6:62<1
001665719,6:62<2
001665720,6:67<3
001665721,6:68<2
001665722,6:91<3
001665923,6:91<3
001665924,6:91<3
001665925,6:87<3
001665926,6:93<3
001665927,6:93<3
001665928,6:70<3
001665929,6:70<3
001665930,6:70<3
001665931,6:71<3
001665932,6:76<2
001665933,6:76<2
001665934,6:79<2
001665935,6:81<4
001665936,6:81<3
001665937,6:82<3
001665938,6:89<3
001665939,6:95<1
001665940,6:97<2
001665941,6:106<1
001665942,6:110<3
001665943,6:111<3
001665944,6:114<3
001665945,6:123<3
001665946,6:132<1
001665947,6:132<132
001665948,6:133<1
001666023,6:138<1
001666024,6:139<1
001666025,6:139<2
001666026,6:141<1
001666027,6:143<1
001666028,6:144<1
001666029,6:144<2
001666030,6:144<3
001666031,6:144<3
001666032,6:146<1
001666033,6:154<3
001666034,6:177<2
001666035,6:178<1
001666036,6:178<3
001666037,6:178<3
001666038,6:181<2
001666039,6:185<1
001666040,6:198<3
001666041,6:201<2
001666042,6:218<2
001666043,6:220<3
001666044,6:224<3
001666045,6:224<3
001666046,6:230<3
001666047,6:236<1
001666113,6:244<3
001666114,6:246<3
001666115,6:249<3
001666116,6:249<3
001666117,6:265<2
001666118,23:20<3
001666119,23:24<4
001666120,23:34<2
001666121,23:56<4
001666122,23:57<4
001666123,23:66<4
001666124,23:78<3
001666125,23:79<2
001666126,23:90<3
001666127,23:106<4
001666128,23:116<3
001666129,23:121<3
001666130,23:123<4
001666131,23:123<4
001666132,23:130<3
001666133,23:151<4
001666134,23:155<4
001666135,23:162<3
001666136,23:170<4
001666137,23:174<4
001666173,23:177<4
001666174,23:191<1
001666175,23:194<1
001666176,23:208<1
001666177,23:215<1
001666178,23:216<4
001666179,23:234<2
001666180,23:241<3
001666181,23:245<4
001666182,23:254<2
001666183,23:261<5
001666184,23:264<4
001666185,23:268<2
001666186,23:268<4
001666187,23:268<4
001666188,23:277<4
001666189,23:278<4
001666190,23:282<4
001666191,23:294<1
001666192,23:295<4
001666193,23:296<2
001666194,23:304<5
001666195,23:305<4
001666196,23:327<4
001666361,23:326<4
001666362,23:329<5
001666363,23:338<1
001666364,23:15<2
001666365,23:15<3
001666366,23:21<3
001666367,23:44<2
001666368,23:49<2
001666369,23:25<3
001666370,23:53<2
001666371,23:72<2
001666372,23:78<2
001666373,23:102<2
001666374,23:111<2
001666375,23:140<3
001666376,23:180<2
001666377,23:327<4
001666388,23:80<1
001666389,23:74<1
001666390,23:56<2
001666391,23:231<4
001666392,23:309<2
001666393,23:145<5
001666394,23:223<1
001666533,31:228<7
001668094,49:263<10
001668095,49:276<3
001668096,49:257<3
001668097,4:147<2
001668101,9:256<6
001668102,9:241<6
001668257,2:5<2
001668258,2:8<2
001668259,2:8<2
001668260,2:9<3
001668261,2:13<3
001668262,2:19<2
001668263,2:22<3
001668264,2:22<5
001668265,2:27<4
001668266,2:22<3
001668267,2:33<5
001668268,2:37<2
001668269,2:39<1
001668270,2:45<1
001668271,2:50<5
001668272,2:59<1
001668294,2:63<9
001668295,2:63<9
001668296,2:69<2
001668297,2:74<1
001668298,2:74<1
001668299,2:75<3
001668300,2:81<3
001668301,2:86<3
001668302,2:89<1
001668303,2:92<2
001668304,2:95<2
001668305,2:98<1
001668306,2:99<3
001668307,2:99<3
001668308,2:100<4
001668309,2:113<1
001668310,2:115<5
001668311,2:116<2
001668312,2:116<2
001668313,2:121<2
001668314,2:124<9
001668315,2:125<2
001668316,2:130<2
001668317,2:131<3
001668352,2:145<1
001668353,2:145<5
001668354,2:152<2
001668355,2:153<5
001668356,2:157<1
001668357,2:158<3
001668358,2:165<3
001668359,2:167<2
001668360,2:169<1
001668361,2:170<1
001668362,2:171<2
001668363,2:172<5
001668364,2:174<1
001668365,2:174<2
001668388,2:180<1
001668389,2:1<1
001668390,2:182<3
001668391,2:183<3
001668392,2:185<1
001668393,2:186<1
001668394,2:186<2
001668395,2:195<2
001668396,2:198<3
001668397,2:200<2
001668398,2:201<2
001668399,2:201<2
001668400,2:204<4
001668401,2:204<6
001668402,2:204<6
001668403,2:206<2
001668404,2:207<1
001668405,2:207<3
001668406,2:207<3
001668407,2:209<3
001668408,2:213<1
001668409,2:210<13
001668410,2:216<4
001668411,2:216<13
001668412,2:218<1
001668413,2:218<3
001668414,2:219<1
001668415,2:219<1
001668416,2:219<3
001668417,2:221<3
001668464,2:222<4
001668465,2:225<1
001668466,2:226<6
001668467,2:227<2
001668468,2:228<4
001668469,2:228<10
001668470,2:228<11
001668471,2:230<3
001668472,2:232<3
001668473,2:234<1
001668474,2:234<5
001668475,2:235<1
001668476,2:240<4
001668477,2:246<4
001668478,2:246<14
001668479,2:247<1
001668480,2:256<4
001668481,2:260<2
001668482,2:263<2
001668483,2:266<2
001668484,2:269<2
001668485,2:269<14
001668486,2:269<14
001668487,2:269<14
001668488,2:270<5
001668489,2:276<1
001668490,2:277<2
001668491,2:277<2
001668492,2:278<2
001668493,2:278<2
001668494,2:279<3
001668495,2:280<13
001668496,2:280<13
001668497,2:280<13
001668498,2:281<1
001668499,2:281<3
001668500,2:181<3
001668501,2:281<3
001668502,2:284<1
001668503,2:284<2
001668504,2:290<3
001668505,2:291<2
001668506,2:292<14
001669671,1:1<1
001669672,1:1<4
001669673,1:1<6
001669674,4:97<13
001669675,4:15<4
001669830,4:13<5
001669831,4:23<2
001669832,4:24<2
001669833,4:25<2
001669834,4:45<3
001669835,4:45<6
001669836,4:74<4
001669837,4:75<2
001669838,4:77<3
001669839,4:82<3
001669840,4:105<2
001669841,4:108<1
001669842,4:109<2
001669843,4:112<2
001669844,4:118<3
001669845,4:124<6
001669846,4:146<2
001669847,4:147<6
001669848,4:167<2
001669849,4:168<3
001669850,4:176<3
001669851,4:176<4
001669852,4:185<3
001669853,4:185<3
001669854,4:199<3
001669855,4:204<1
001669856,4:210<4
001669857,4:216<1
001669858,4:229<1
001669859,4:236<3
001669860,4:236<4
001669861,4:253<3
001669862,4:267<3
001669863,4:270<4
001669864,4:274<1
001669865,4:282<5
001669866,4:284<1
001669867,4:291<3
001674616,45:317<3
001674721,41:115<9
001674725,36:534<1
001674726,43:424<2
001674727,44:45<9
001674755,21:137<1
001674756,21:128<3
001674761,1:259<2
001674775,38:473<9
001674777,41:254<11
001674788,38:387<7
001674791,36:634<7
001674792,48:101<4
001674794,48:176<4
001674805,36:650<2
001674806,9:277<1
001674808,9:189<1
001674815,29:496<4
001674816,47:264<3
001674824,9:177<5
001675004,9:232<6
001675005,9:221<7
001675009,28:377<4
001675039,2:162<3
001675064,29:416<8
001675081,19:206<2
001675097,49:29<7
001675113,38:31<13
001675114,26:117<3
001675122,42:326<1
001675161,46:268<5
